X,Y,Z,P,T,U,V,W,R,M,VelMag,Sound_speed,P_total,T_total,Enthalpy_total,Heat_release,Kn,U_x,U_y,U_z,V_x,V_y,V_z,Gamma,Prandtl,Y_plus,Qdot,Qdot_tran,Qdot_enthalpy,Nu,Cell_Re,CO2,CO,C2,O2,C,O
3.68E-10,8.12E-17,0,131458.078,2000,0,0,0,0.257741064,0,0,803.18219,131458.078,2000,-2523852.5,-5.92E+09,3.22E-07,2418.21973,-8.69096947,0,-3.51E+04,155.621826,0,1.26426876,0.681886554,0.023677785,1113205.25,0,0,4905.58594,0.000559343,0.393421859,0.386142105,1.54E-17,0.18701008,4.47E-10,0.033425909
1.71E-05,0.004762162,0,131450.531,2000,0,0,0,0.25772661,0,0,803.17981,131450.531,2000,-2523935,-5.92E+09,3.22E-07,1979.65186,-14.0246487,0,-73185.2188,541.109131,0,1.26426327,0.681888759,0.032688551,1114563.75,0,0,4911.48486,0.00114874,0.39353618,0.386069328,1.55E-17,0.186928183,4.52E-10,0.033466268
6.84E-05,9.52E-03,0,131406.094,2000,0,0,0,0.257670194,0,0,803.113953,131406.094,2000,-2526033.5,-5.95E+09,3.22E-07,540.896118,-7.35383987,0,-152596.219,2207.82251,0,1.26420736,0.68189913,0.048071735,1115818.88,0,0,4916.76904,0.002350638,0.393981725,0.385785699,1.58E-17,0.186720788,4.63E-10,0.033511747
0.000153852,0.014285505,0,131319.703,2000,0,0,0,0.257574379,0,0,802.960327,131319.703,2000,-2530906.5,-5.94E+09,3.22E-07,-2010.41089,43.9351883,0,-233681.016,5049.52734,0,1.26408613,0.681917548,0.05923314,1115509.88,0,0,4915.03467,0.003530365,0.394767046,0.385285795,1.62E-17,0.186429232,4.75E-10,0.033517916
0.000273506,0.019046195,0,131185.219,2000,0,0,0,0.257391036,0,0,802.791931,131185.219,2000,-2536248,-5.94E+09,3.23E-07,-5753.604,166.147522,0,-315323.688,9073.99805,0,1.26395261,0.681937099,0.068210885,1114726.75,0,0,4911.15967,0.004668827,0.395648539,0.384724617,1.66E-17,0.186093867,4.88E-10,0.033532932
0.000427336,0.023805901,0,130966.328,2000,0,0,0,0.257025659,0,0,802.656311,130966.328,2000,-2540549.75,-5.92E+09,3.23E-07,-10656.6943,383.770477,0,-394751.781,14190.7383,0,1.26384234,0.681954145,0.075608574,1113089,0,0,4903.53906,0.005725248,0.396437615,0.384222299,1.71E-17,0.185763448,5.02E-10,0.033576604
0.000615335,0.028564382,0,130639.625,2000,0,0,0,0.256429464,0,0,802.559082,130639.625,2000,-2543628,-5.91E+09,3.24E-07,-16404.3223,708.24939,0,-460881.938,19875.8594,0,1.26375997,0.681968331,0.080872297,1110455.12,0,0,4891.5625,0.006542772,0.397106856,0.383796275,1.74E-17,0.185447261,5.16E-10,0.033649571
0.000837492,0.033321392,0,130219.18,2000,0,0,0,0.255633533,0,0,802.493286,130219.18,2000,-2545705.75,-5.88E+09,3.25E-07,-22237.5723,1119.56995,0,-501189.312,25212.707,0,1.26370037,0.681979954,0.083441287,1107277.25,0,0,4877.21582,0.006960757,0.397678971,0.38343206,1.78E-17,0.1851421,5.29E-10,0.033746827
0.001093797,0.03807668,0,129794.617,2000,0,0,0,0.25481838,0,0,802.44989,129794.617,2000,-2547074.25,-5.86E+09,3.26E-07,-26457.1172,1521.75793,0,-496212.562,28524.1992,0,1.26365685,0.681989074,0.082112081,1104939.75,0,0,4866.59326,0.00674436,0.398178786,0.383113891,1.81E-17,0.184847355,5.39E-10,0.033859935
0.001384235,0.042830009,0,129541.992,2000,0,0,0,0.254337013,0,0,802.41449,129541.992,2000,-2548205,-5.84E+09,3.27E-07,-28529.416,1846.20251,0,-461637.5,29862.6992,0,1.2636193,0.681996047,0.078378439,1105244,0,0,4867.62549,0.006145999,0.39863807,0.3828215,1.84E-17,0.184568539,5.48E-10,0.033971846
0.001708793,0.047581129,0,129818.266,2000,0,0,0,0.254900455,0,0,802.367065,129818.266,2000,-2549751,-5.86E+09,3.26E-07,-29326.332,2109.10596,0,-419988.875,30195.043,0,1.26357365,0.682000458,0.074137621,1112732.75,0,0,4900.31885,0.005500215,0.399097472,0.38252905,1.88E-17,0.18431586,5.55E-10,0.034057573
0.002067453,0.052329797,0,131046.312,2000,0,0,0,0.257344663,0,0,802.297424,131046.312,2000,-2552070,-5.96E+09,3.23E-07,-36174.1094,2865.2605,0,-455930.219,36103.7617,0,1.26351166,0.681999624,0.076791003,1134237.62,0,0,4994.74072,0.005915646,0.399594307,0.382212788,1.93E-17,0.184083462,5.65E-10,0.03410941
0.002460196,0.057075769,0,133093.375,2000,0,0,0,0.261403829,0,0,802.216797,133093.375,2000,-2554801.25,-6.22E+09,3.18E-07,-59280.6445,5125.99609,0,-678526.125,58662.7383,0,1.26343966,0.681992769,0.093095183,1169039.38,0,0,5147.68066,0.00878315,0.400145262,0.381862044,2.00E-17,0.183835909,5.78E-10,0.03415674
0.002887004,0.061818797,0,135051.875,2000,0,0,0,0.265284032,0,0,802.147034,135051.875,2000,-2557189.5,-6.57E+09,3.13E-07,-97066.2031,9093.73145,0,-1030346.38,96514.7734,0,1.26337254,0.681984127,0.114841089,1204736.25,0,0,5304.479,0.013285051,0.400748044,0.38147831,2.08E-17,0.183527261,5.98E-10,0.03424634
0.003347853,0.066558637,0,136239.234,2000,0,0,0,0.267639369,0,0,802.095764,136239.234,2000,-2558942.25,-6.84E+09,3.11E-07,-138607.891,13986.2383,0,-1364157.25,137630.531,0,1.26331592,0.681977749,0.13189362,1231759.38,0,0,5422.97754,0.017430047,0.401409,0.38105756,2.16E-17,0.183134139,6.22E-10,0.034399264
0.003842719,0.071295045,0,136519.578,2000,0,0,0,0.268207699,0,0,802.052734,136519.578,2000,-2560375.25,-7.02E+09,3.10E-07,-175808.031,19012.7441,0,-1609386.38,174026.594,0,1.26326287,0.681976497,0.142286137,1246037.38,0,0,5485.2583,0.02025344,0.402148157,0.380587012,2.25E-17,0.182661161,6.51E-10,0.034603618
0.004371578,0.076027781,0,136043.328,2000,0,0,0,0.267290622,0,0,802.005798,136043.328,2000,-2561879.25,-7.06E+09,3.11E-07,-206319.5,23809.7734,0,-1771253.5,204387.219,0,1.26320589,0.681981266,0.147802681,1248127.38,0,0,5493.80469,0.021844374,0.402972847,0.380062014,2.33E-17,0.182127386,6.81E-10,0.034837697
0.004934402,0.080756605,0,135201.156,2000,0,0,0,0.265660614,0,0,801.945801,135201.156,2000,-2563774.5,-7.03E+09,3.13E-07,-230742.281,28306.8203,0,-1865419.5,228824.328,0,1.26313865,0.68198967,0.149983376,1244509.5,0,0,5477.1792,0.022492768,0.403876275,0.379486918,2.42E-17,0.181558192,7.12E-10,0.035078578
0.005531162,0.085481256,0,134260.141,2000,0,0,0,0.263844848,0,0,801.868286,134260.141,2000,-2566215.5,-6.96E+09,3.15E-07,-252157.219,32772.6602,0,-1924258.12,250074.906,0,1.26305866,0.682000339,0.150586039,1238852.25,0,0,5451.55811,0.022673963,0.404845059,0.378870189,2.51E-17,0.18097353,7.43E-10,0.035311163
0.006161828,0.090201505,0,133340.641,2000,0,0,0,0.262079477,0,0,801.773865,133340.641,2000,-2569194.75,-6.89E+09,3.17E-07,-273444.594,37537.4375,0,-1976453,271301.469,0,1.26296651,0.682012498,0.150903299,1232660.5,0,0,5423.57617,0.022769496,0.405866474,0.378219992,2.60E-17,0.180382699,7.74E-10,0.035530813
0.006826366,0.094917104,0,132496.375,2000,0,0,0,0.260469526,0,0,801.663391,132496.375,2000,-2572687.25,-6.83E+09,3.19E-07,-295830.312,42776.5312,0,-2031420,293721.781,0,1.26286292,0.682025671,0.151341408,1227012.25,0,0,5397.97998,0.022901652,0.406936556,0.37753877,2.69E-17,0.179787099,8.05E-10,0.035737537
0.007524742,0.099627808,0,131736.375,2000,0,0,0,0.259032607,0,0,801.536987,131736.375,2000,-2576690.75,-6.77E+09,3.21E-07,-319821.375,48592.2266,0,-2092000.12,317831.719,0,1.26274776,0.682039499,0.152006716,1222270.88,0,0,5376.36377,0.023103178,0.408057898,0.376824945,2.78E-17,0.179184645,8.36E-10,0.035932489
0.008256922,0.104333378,0,131049.93,2000,0,0,0,0.25774762,0,0,801.394714,131049.93,2000,-2581203.5,-6.72E+09,3.23E-07,-345553.906,55042.8711,0,-2158135.25,343749.781,0,1.26262093,0.682054102,0.152881801,1218416.38,0,0,5358.63623,0.023369685,0.409233451,0.376076609,2.87E-17,0.178572938,8.67E-10,0.036116988
0.009022865,0.109033577,0,130422.281,2000,0,0,0,0.256585419,0,0,801.236755,130422.281,2000,-2586218.75,-6.68E+09,3.24E-07,-373011.312,62165.6523,0,-2228806,371433.594,0,1.26248252,0.682069361,0.153914362,1215331.75,0,0,5344.27881,0.023686172,0.410465151,0.37529251,2.96E-17,0.177950114,8.97E-10,0.036292203
0.009822534,0.113728143,0,129838.641,2000,0,0,0,0.255516738,0,0,801.063354,129838.641,2000,-2591727.5,-6.65E+09,3.26E-07,-402112.906,69986.3672,0,-2302793.25,400776.719,0,1.2623328,0.682085454,0.155049339,1212864,0,0,5332.6167,0.024036542,0.411753893,0.374472111,3.05E-17,0.177314878,9.28E-10,0.036459085
0.010655887,0.118416853,0,129286.484,2000,0,0,0,0.254516691,0,0,800.874939,129286.484,2000,-2597715.75,-6.61E+09,3.27E-07,-432743.188,78522.4062,0,-2378922,431645.406,0,1.26217186,0.682102323,0.156238675,1210863.38,0,0,5322.98926,0.024406478,0.413099349,0.373615593,3.14E-17,0.176666662,9.59E-10,0.036618356
0.011522882,0.123099461,0,128757.086,2000,0,0,0,0.253567755,0,0,800.672058,128757.086,2000,-2604163.75,-6.58E+09,3.28E-07,-464814.219,87793.2266,0,-2456339.25,463932.406,0,1.26200044,0.682120025,0.157450795,1209230.88,0,0,5314.96143,0.024786428,0.414499789,0.372724086,3.23E-17,0.176005483,9.90E-10,0.036770608
0.012423473,0.127775714,0,128243.148,2000,0,0,0,0.252655178,0,0,800.455627,128243.148,2000,-2611044.5,-6.55E+09,3.29E-07,-498247.562,97817.7891,0,-2534388.75,497544.344,0,1.26181901,0.682138443,0.158663675,1207867.25,0,0,5308.09668,0.025169577,0.415952355,0.371799409,3.32E-17,0.175331831,1.02E-09,0.036916375
0.013357614,0.132445395,0,127739.062,2000,0,0,0,0.251767486,0,0,800.226379,127739.062,2000,-2618335,-6.52E+09,3.31E-07,-532960.5,108612.172,0,-2612513.5,532388.812,0,1.26162803,0.682157636,0.159861013,1206687.5,0,0,5302.02197,0.025550734,0.417454839,0.370842934,3.41E-17,0.17464596,1.05E-09,0.03705623
0.014325257,0.137108237,0,127240.828,2000,0,0,0,0.250896454,0,0,799.984924,127240.828,2000,-2626012,-6.49E+09,3.32E-07,-568865.25,120189.156,0,-2690262,568379.25,0,1.26142824,0.682177544,0.161031902,1205617.62,0,0,5296.41357,0.02592626,0.419004321,0.369856536,3.49E-17,0.173948616,1.08E-09,0.037190478
0.015326351,0.14176403,0,126745.812,2000,0,0,0,0.250035971,0,0,799.733093,126745.812,2000,-2634021.25,-6.45E+09,3.33E-07,-605870.75,132558.484,0,-2767266.5,605434.375,0,1.26122081,0.682198048,0.162169337,1204604.75,0,0,5291.0415,0.026293708,0.420593023,0.368845195,3.58E-17,0.173242316,1.11E-09,0.037319437
0.016360845,0.146412492,0,126252.344,2000,0,0,0,0.24918209,0,0,799.472229,126252.344,2000,-2642317.5,-6.42E+09,3.34E-07,-643886.125,145727.484,0,-2843211,643473.688,0,1.26100683,0.682219028,0.163268968,1203616.12,0,0,5285.76514,0.026651416,0.422215104,0.367812574,3.66E-17,0.172528639,1.14E-09,0.037443634
0.017428689,0.151053429,0,125759.5,2000,0,0,0,0.248333663,0,0,799.200806,125759.5,2000,-2650950.75,-6.39E+09,3.36E-07,-682815.188,159699.797,0,-2917793.25,682410.5,0,1.26078522,0.682240665,0.164328128,1202613.5,0,0,5280.41309,0.02699825,0.423877805,0.366754115,3.74E-17,0.171805233,1.16E-09,0.037562791
0.018529823,0.155686557,0,125267.461,2000,0,0,0,0.247492716,0,0,798.915161,125267.461,2000,-2660036,-6.35E+09,3.37E-07,-722565.812,174477.422,0,-2990743,722156.875,0,1.26055324,0.682263255,0.165346265,1201563.25,0,0,5274.83154,0.027333776,0.425596088,0.36566028,3.81E-17,0.171067953,1.19E-09,0.037675638
0.019664191,0.160311684,0,124777.469,2000,0,0,0,0.246662766,0,0,798.612976,124777.469,2000,-2669648,-6.31E+09,3.38E-07,-763054.438,190061.969,0,-3061825,762625.312,0,1.26030922,0.682286918,0.166324556,1200459,0,0,5268.98926,0.027658116,0.427378356,0.364525706,3.87E-17,0.170315102,1.21E-09,0.037780806
0.020831738,0.164928526,0,124291.531,2000,0,0,0,0.245847687,0,0,798.294312,124291.531,2000,-2679784.25,-6.27E+09,3.39E-07,-804188.562,206450.516,0,-3130812,803723.562,0,1.26005316,0.682311714,0.167264491,1199314.75,0,0,5262.94971,0.027971551,0.429222286,0.363351882,3.93E-17,0.169548243,1.24E-09,0.037877556
0.022032401,0.169536874,0,123811.859,2000,0,0,0,0.24505125,0,0,797.96051,123811.859,2000,-2690404.5,-6.23E+09,3.40E-07,-845849.5,223630.594,0,-3197433.5,845340.625,0,1.25978625,0.682337463,0.168166369,1198141.75,0,0,5256.7666,0.028273957,0.431121051,0.362143159,3.99E-17,0.168770105,1.26E-09,0.037965667
0.023266118,0.17413649,0,123341.008,2000,0,0,0,0.244277656,0,0,797.61322,123341.008,2000,-2701453,-6.18E+09,3.42E-07,-887899.875,241581.312,0,-3261375.25,887345.312,0,1.2595098,0.682364106,0.169029593,1196952.5,0,0,5250.49902,0.028564924,0.433065623,0.36090523,4.04E-17,0.167984009,1.28E-09,0.038045082
0.024532827,0.17872712,0,122882.43,2000,0,0,0,0.243532762,0,0,797.254639,122882.43,2000,-2712862,-6.14E+09,3.43E-07,-930203.438,260278.141,0,-3322335.25,929600,0,1.25922561,0.682391465,0.169854507,1195779.12,0,0,5244.29346,0.02884437,0.435045451,0.35964489,4.08E-17,0.16719377,1.29E-09,0.03811584
0.025832461,0.183308557,0,122440.547,2000,0,0,0,0.242824793,0,0,796.885925,122440.547,2000,-2724592.75,-6.10E+09,3.44E-07,-972601.938,279686.188,0,-3379954.25,971941.25,0,1.2589345,0.682419419,0.170640916,1194665.88,0,0,5238.34717,0.02911203,0.43705368,0.358366489,4.11E-17,0.166402146,1.31E-09,0.03817765
0.027164955,0.187880531,0,122021.133,2000,0,0,0,0.242165595,0,0,796.506409,122021.133,2000,-2736670.5,-6.05E+09,3.45E-07,-1014892.44,299752.719,0,-3433777,1014165.44,0,1.258636,0.68244797,0.171387449,1193661.5,0,0,5232.875,0.029367253,0.439091504,0.357069224,4.14E-17,0.165609822,1.32E-09,0.03822941
0.028530238,0.192442819,0,121631.141,2000,0,0,0,0.241570264,0,0,796.113525,121631.141,2000,-2749174.5,-6.01E+09,3.46E-07,-1056831.38,320406.5,0,-3483299.25,1056039.75,0,1.25832832,0.682477355,0.172092676,1192806.12,0,0,5228.05078,0.029609373,0.441166461,0.355748326,4.15E-17,0.164816067,1.33E-09,0.03826911
0.029928241,0.196995184,0,121278.922,2000,0,0,0,0.241056815,0,0,795.704407,121278.922,2000,-2762197,-5.97E+09,3.47E-07,-1098126,341553.438,0,-3527928.5,1097287.5,0,1.25800955,0.682507813,0.172754079,1192125.62,0,0,5223.98486,0.02983734,0.443285942,0.354399085,4.15E-17,0.164021015,1.33E-09,0.038293921
0.03135889,0.2015374,0,120974.094,2000,0,0,0,0.240645647,0,0,795.276733,120974.094,2000,-2775811,-5.93E+09,3.48E-07,-1138285.62,363027.281,0,-3566488,1137426.12,0,1.25767827,0.682539523,0.173355862,1191615.25,0,0,5220.65771,0.030045491,0.445454329,0.353018701,4.14E-17,0.163225979,1.33E-09,0.038300946
0.032822117,0.206069231,0,120727.43,2000,0,0,0,0.240360051,0,0,794.827148,120727.43,2000,-2790124.25,-5.90E+09,3.48E-07,-1176567.88,384563.938,0,-3597133,1175716.88,0,1.25733197,0.682572901,0.173867211,1191213.75,0,0,5217.7998,0.0302229,0.447679847,0.351601958,4.11E-17,0.162431434,1.33E-09,0.038286712
0.03431784,0.210590437,0,120550.188,2000,0,0,0,0.240223214,0,0,794.354614,120550.188,2000,-2805169.5,-5.87E+09,3.48E-07,-1213484.5,406296.031,0,-3621812.25,1212632.25,0,1.25697029,0.68260777,0.174348697,1191270.12,0,0,5216.94189,0.030390462,0.449960768,0.35014993,4.07E-17,0.161640778,1.32E-09,0.038248461
0.035845984,0.21510078,0,120448.828,2000,0,0,0,0.240242675,0,0,793.87146,120448.828,2000,-2820555.25,-5.84E+09,3.49E-07,-1254604.25,430106.656,0,-3657189.25,1253752.88,0,1.25660205,0.68264246,0.175205648,1193412.62,0,0,5225.22607,0.030690145,0.452254027,0.348690093,4.00E-17,0.160862193,1.30E-09,0.038193662
0.037406471,0.219600037,0,120439.602,2000,0,0,0,0.240431234,0,0,793.420959,120439.602,2000,-2834906.25,-5.82E+09,3.49E-07,-1306315.25,458343.344,0,-3720634.5,1305434.88,0,1.25625932,0.682672918,0.176853955,1199189.25,0,0,5249.50098,0.031270895,0.454379529,0.347337008,3.88E-17,0.160146296,1.27E-09,0.038137138
0.038999222,0.224087983,0,120587.07,2000,0,0,0,0.240944132,0,0,792.948547,120587.07,2000,-2849955,-5.82E+09,3.48E-07,-1338641.88,480105.5,0,-3731702.5,1338366.88,0,1.25590396,0.682706416,0.177481487,1202787.38,0,0,5264.28223,0.031492118,0.456496388,0.345989436,3.70E-17,0.159480914,1.21E-09,0.038033228
0.040621825,0.228565231,0,120877.469,2000,0,0,0,0.241821915,0,0,792.3125,120877.469,2000,-2870193.75,-5.83E+09,3.47E-07,-1325042.75,481237.969,0,-3647047.25,1324556.12,0,1.25543535,0.682756305,0.176571012,1195778.62,0,0,5232.55029,0.031169787,0.459068656,0.344351947,3.57E-17,0.158795372,1.18E-09,0.037783988
0.042250592,0.233040228,0,121167.203,2000,0,0,0,0.242742389,0,0,791.589783,121167.203,2000,-2893170.75,-5.80E+09,3.46E-07,-1317409.12,479500.688,0,-3617131.25,1316536.38,0,1.25490916,0.682810485,0.17758213,1189786,0,0,5205.26123,0.031529766,0.46183455,0.342591196,3.51E-17,0.158134699,1.16E-09,0.037439499
0.043879364,0.237515241,0,121396.078,2000,0,0,0,0.24350509,0,0,790.948486,121396.078,2000,-2913553.5,-5.75E+09,3.45E-07,-1341778,488372.594,0,-3684849.5,1341190.25,0,1.25444436,0.682853878,0.181021929,1192654.62,0,0,5216.9082,0.032764427,0.464240938,0.341059327,3.36E-17,0.157584623,1.11E-09,0.037115075
0.045508131,0.241990253,0,121592.414,2000,0,0,0,0.244157791,0,0,790.405701,121592.414,2000,-2930796.75,-5.71E+09,3.44E-07,-1369099.12,498315.406,0,-3760488.5,1368717,0,1.25405359,0.682890177,0.184603706,1195287.12,0,0,5227.71191,0.034072634,0.466215372,0.339802414,3.14E-17,0.157165959,1.03E-09,0.03681621
0.047136903,0.246465251,0,121769.75,2000,0,0,0,0.244741976,0,0,789.930237,121769.75,2000,-2945894,-5.67E+09,3.44E-07,-1390708.25,506179.812,0,-3820066.75,1390400,0,1.2537142,0.682923079,0.187746555,1195483.62,0,0,5228.01465,0.03524207,0.467868775,0.338749886,2.90E-17,0.156856805,9.58E-10,0.036524501
0.048765671,0.250940263,0,121935.266,2000,0,0,0,0.245281249,0,0,789.501892,121935.266,2000,-2959488.25,-5.62E+09,3.43E-07,-1409390.25,512979.219,0,-3871643.5,1409171.5,0,1.25341094,0.682953358,0.19065401,1194495.75,0,0,5223.25098,0.03634169,0.4692913,0.337844312,2.72E-17,0.156628937,9.00E-10,0.036235411
0.050394442,0.255415261,0,122091.148,2000,0,0,0,0.245785296,0,0,789.108826,122091.148,2000,-2971955.5,-5.57E+09,3.43E-07,-1426527.38,519216.406,0,-3918966.25,1426395.12,0,1.25313461,0.68298161,0.193420202,1192950.75,0,0,5216.13379,0.037403658,0.470545381,0.337045968,2.61E-17,0.156458452,8.61E-10,0.035950158
0.05202321,0.259890258,0,122237.477,2000,0,0,0,0.246256426,0,0,788.746033,122237.477,2000,-2983459,-5.52E+09,3.42E-07,-1442648.5,525083.875,0,-3963510.5,1442607.5,0,1.25288093,0.683007956,0.196080893,1191116.25,0,0,5207.81152,0.038439605,0.471666068,0.33633256,2.53E-17,0.156328902,8.33E-10,0.035672441
0.053651981,0.264365286,0,122374.828,2000,0,0,0,0.24669607,0,0,788.412415,122374.828,2000,-2994034.5,-5.48E+09,3.42E-07,-1457986.5,530666.375,0,-4005882.75,1458029.38,0,1.25264871,0.683032215,0.198650643,1189165.25,0,0,5199.02832,0.039453596,0.472669154,0.335693985,2.46E-17,0.156230509,8.08E-10,0.035406288
5.53E-02,0.268840283,0,122506.047,2000,0,0,0,0.247109443,0,0,788.108704,122506.047,2000,-3003657.5,-5.43E+09,3.41E-07,-1472719.62,536028.75,0,-4046493.75,1472810.38,0,1.25243843,0.683054388,0.201140925,1187286.38,0,0,5190.60693,0.040448852,0.473556042,0.33512941,2.39E-17,0.156160742,7.83E-10,0.035153773
5.69E-02,0.273315281,0,122635.047,2000,0,0,0,0.247503981,0,0,787.835449,122635.047,2000,-3012315.5,-5.35E+09,3.41E-07,-1487015.5,541231.938,0,-4085812.75,1487121.25,0,1.2522496,0.683073938,0.203565404,1185816.88,0,0,5184.00732,0.041429762,0.474342138,0.334628969,2.33E-17,0.156106949,7.60E-10,0.034921881
5.85E-02,0.277790308,0,122762.641,2000,0,0,0,0.247882918,0,0,787.589172,122762.641,2000,-3020117,-5.35E+09,3.40E-07,-1500522.75,546148,0,-4122968.75,1500644.38,0,1.2520802,0.683091462,0.205903217,1184511.25,0,0,5178.1582,0.042386681,0.475031465,0.33419016,2.26E-17,0.156072974,7.38E-10,0.034705345
0.060167059,0.282265306,0,122887.438,2000,0,0,0,0.248244867,0,0,787.367126,122887.438,2000,-3027146.75,-5.32E+09,3.40E-07,-1513076.75,550717.125,0,-4157539,1513226.5,0,1.25192857,0.683107376,0.208142415,1183155.25,0,0,5172.13281,0.043313522,0.475618482,0.333816469,2.21E-17,0.15606837,7.17E-10,0.034496624
0.061795827,0.286740303,0,123009.039,2000,0,0,0,0.248589307,0,0,787.168274,123009.039,2000,-3033440.75,-5.28E+09,3.39E-07,-1525069.38,555082,0,-4190556,1525243.62,0,1.25179362,0.683121443,0.210307941,1182051.75,0,0,5167.24072,0.044219438,0.476122022,0.333495945,2.15E-17,0.156081051,6.98E-10,0.034300953
0.063424595,0.29121533,0,123126.711,2000,0,0,0,0.24891597,0,0,786.989929,123126.711,2000,-3039082,-5.25E+09,3.39E-07,-1536614.5,559284,0,-4222334.5,1536809.88,0,1.25167322,0.683133841,0.212407142,1181178.62,0,0,5163.37744,0.045106571,0.476556331,0.333219469,2.10E-17,0.156105354,6.80E-10,0.034118824
0.065053366,0.295690328,0,123240.062,2000,0,0,0,0.249225035,0,0,786.830078,123240.062,2000,-3044139,-5.22E+09,3.39E-07,-1547660.75,563304.438,0,-4252763.5,1547884.88,0,1.25156581,0.683144867,0.214436874,1180451.62,0,0,5160.17236,0.045972742,0.476929873,0.332981646,2.06E-17,0.15613918,6.64E-10,0.033949249
0.066682138,0.300165325,0,123348.945,2000,0,0,0,0.249517336,0,0,786.686218,123348.945,2000,-3048686.5,-5.20E+09,3.38E-07,-1558168.25,567128.75,0,-4281726,1558426,0,1.25146973,0.683154643,0.216394246,1179810.25,0,0,5157.35645,0.046815846,0.477250487,0.33277756,2.01E-17,0.156181261,6.47E-10,0.033790648
0.068310902,0.304640353,0,123452.727,2000,0,0,0,0.249792829,0,0,786.555847,123452.727,2000,-3052807,-5.17E+09,3.38E-07,-1568112.88,570748.25,0,-4309135,1568401.88,0,1.25138319,0.683163404,0.218276769,1179200.88,0,0,5154.69434,0.04763395,0.477527291,0.332601339,1.97E-17,0.156229824,6.32E-10,0.033641491
0.069939673,0.30911535,0,123550.445,2000,0,0,0,0.250050634,0,0,786.436646,123550.445,2000,-3056572.5,-5.15E+09,3.38E-07,-1577473.12,574155,0,-4334935.5,1577792.25,0,1.25130439,0.683171391,0.220082372,1178563.25,0,0,5151.91943,0.048425302,0.477767467,0.332448453,1.93E-17,0.156283945,6.17E-10,0.03350009
0.071568444,0.313590348,0,123641.156,2000,0,0,0,0.250289381,0,0,786.327576,123641.156,2000,-3060018,-5.13E+09,3.37E-07,-1586282.75,577361.312,0,-4359238.5,1586637.5,0,1.25123274,0.683178723,0.221812889,1177878,0,0,5148.9458,0.049189877,0.477974474,0.332316697,1.89E-17,0.156343192,6.04E-10,0.033365622
0.073197208,0.318065375,0,123724.297,2000,0,0,0,0.250508189,0,0,786.228027,123724.297,2000,-3063160.25,-5.11E+09,3.37E-07,-1594611.12,580392.5,0,-4382207,1594997.25,0,1.25116789,0.683185399,0.223471925,1177173.38,0,0,5145.896,0.049928494,0.478151143,0.332204223,1.85E-17,0.156406447,5.91E-10,0.033238158
0.07482598,0.322540373,0,123801.086,2000,0,0,0,0.250709713,0,0,786.137451,123801.086,2000,-3066017,-5.09E+09,3.37E-07,-1602506.88,583266.25,0,-4403887,1602887.88,0,1.25110924,0.683191419,0.225061834,1176511.12,0,0,5143.04004,0.0506415,0.478299618,0.33210969,1.82E-17,0.156473219,5.80E-10,0.033117425
0.076454751,0.32701537,0,123875.18,2000,0,0,0,0.250901282,0,0,786.05603,123875.18,2000,-3068583,-5.07E+09,3.37E-07,-1610005.75,585995.562,0,-4424311.5,1610321.5,0,1.25105703,0.683196664,0.226586685,1176000.75,0,0,5140.85596,0.051330097,0.478418499,0.332034022,1.80E-17,0.156544238,5.71E-10,0.033003211
0.078083523,0.331490397,0,123952.031,2000,0,0,0,0.251093537,0,0,785.984619,123952.031,2000,-3070833.5,-5.05E+09,3.36E-07,-1617120.38,588585,0,-4443549,1617323.25,0,1.25101185,0.683201134,0.228052795,1175756.25,0,0,5139.84424,0.051996574,0.478504002,0.331979573,1.78E-17,0.156620786,5.63E-10,0.032895576
0.079712287,0.335965395,0,124036.914,2000,0,0,0,0.251297086,0,0,785.923401,124036.914,2000,-3072760,-5.03E+09,3.36E-07,-1623833.88,591028.438,0,-4461688,1623925,0,1.25097382,0.68320471,0.229466826,1175825.5,0,0,5140.21533,0.052643482,0.478554636,0.331947356,1.76E-17,0.156703547,5.55E-10,0.03279442
0.081341058,0.340440392,0,124131.141,2000,0,0,0,0.251515061,0,0,785.871338,124131.141,2000,-3074398.5,-5.02E+09,3.36E-07,-1630143.88,593325,0,-4478887,1630184.88,0,1.25094223,0.683207512,0.230834037,1176118.38,0,0,5141.57324,0.053272795,0.478574723,0.331934571,1.73E-17,0.156791449,5.46E-10,0.032699231
0.082969829,0.34491542,0,124229.117,2000,0,0,0,0.251737207,0,0,785.826111,124229.117,2000,-3075817.75,-5.00E+09,3.36E-07,-1636115.12,595498.312,0,-4495382.5,1636188.62,0,1.25091553,0.683209896,0.232155919,1176425.62,0,0,5143,5.39E-02,0.478573203,0.331935525,1.71E-17,0.156881973,5.37E-10,0.032609247
0.084598601,0.349390417,0,124322.375,2000,0,0,0,0.251947433,0,0,785.785706,124322.375,2000,-3077086,-4.99E+09,3.35E-07,-1641808.88,597570.625,0,-4511237,1641959,0,1.25089192,0.683211982,0.233427301,1176584,0,0,5143.77832,5.45E-02,0.478559196,0.331944436,1.69E-17,0.156972528,5.29E-10,0.032523792
0.086227365,0.353865415,0,124407.219,2000,0,0,0,0.252138972,0,0,785.748596,124407.219,2000,-3078249.75,-4.98E+09,3.35E-07,-1647208.5,599535.875,0,-4526269.5,1647430.25,0,1.25087059,0.683214009,0.234640896,1176598.75,0,0,5143.92871,5.50E-02,0.478538752,0.331957459,1.66E-17,0.157061398,5.21E-10,0.032442339
0.087856136,0.358340442,0,124486.289,2000,0,0,0,0.252317548,0,0,785.713989,124486.289,2000,-3079334.25,-4.97E+09,3.35E-07,-1652265.88,601376.562,0,-4540282,1652530.12,0,1.25085092,0.683215857,0.235794276,1176578.75,0,0,5143.92432,5.56E-02,0.478514791,0.331972718,1.65E-17,0.157147959,5.15E-10,0.032364484
0.089484908,0.36281544,0,124564.539,2000,0,0,0,0.252493382,0,0,785.681519,124564.539,2000,-3080353.25,-4.96E+09,3.35E-07,-1656953.75,603082.75,0,-4553181.5,1657225,0,1.25083244,0.683217525,0.236889824,1176622.25,0,0,5144.19629,5.61E-02,0.478488654,0.331989348,1.63E-17,0.157232061,5.08E-10,0.032289896
0.091113679,0.367290437,0,124645.281,2000,0,0,0,0.252673417,0,0,785.650696,124645.281,2000,-3081317.75,-4.95E+09,3.35E-07,-1661289.38,604660.75,0,-4565043,1661542,0,1.25081515,0.683219075,0.237932637,1176761.88,0,0,5144.88623,5.66E-02,0.478461206,0.332006842,1.61E-17,0.157313719,5.02E-10,0.032218203
0.092742443,0.371765465,0,124727.82,2000,0,0,0,0.252856374,0,0,785.621338,124727.82,2000,-3082238.75,-4.95E+09,3.34E-07,-1665361.25,606142.75,0,-4576155.5,1665586.5,0,1.25079858,0.683220565,0.238929734,1176956.75,0,0,5145.81641,5.71E-02,0.478433251,0.332024634,1.60E-17,0.157393023,4.96E-10,0.032149054
0.094371215,0.376240462,0,124808.805,2000,0,0,0,0.253035635,0,0,785.593018,124808.805,2000,-3083126.5,-4.94E+09,3.34E-07,-1669287.12,607571.625,0,-4586863.5,1669484,0,1.25078273,0.683221996,0.239887178,1177149.12,0,0,5146.73242,5.75E-02,0.478405923,0.332042038,1.58E-17,0.157469779,4.91E-10,0.032082245
0.095999986,0.38071546,0,124884.875,2000,0,0,0,0.253204554,0,0,785.565491,124884.875,2000,-3083989,-4.93E+09,3.34E-07,-1673132.12,608971.062,0,-4597350,1673300.75,0,1.25076723,0.683223426,0.240806833,1177303.5,0,0,5147.47949,5.80E-02,0.478380501,0.332058191,1.57E-17,0.157543451,4.86E-10,0.032017801
0.097628757,0.385190487,0,124953.797,2000,0,0,0,0.253358543,0,0,785.538696,124953.797,2000,-3084827,-4.92E+09,3.34E-07,-1676906.62,610344.812,0,-4607651,1677049.88,0,1.25075209,0.683224916,0.241687685,1177403.12,0,0,5147.9834,5.84E-02,0.478357732,0.332072705,1.56E-17,0.157613605,4.82E-10,0.031955931
0.099257521,0.389665484,0,125014.867,2000,0,0,0,0.253496051,0,0,785.513,125014.867,2000,-3085632.25,-4.92E+09,3.34E-07,-1680598.5,611688.562,0,-4617732,1680719,0,1.25073755,0.683226287,0.242528334,1177451.75,0,0,5148.26074,5.88E-02,0.478336781,0.332086027,1.55E-17,0.157680273,4.77E-10,0.031896871
0.100886293,0.394140482,0,125068.578,2000,0,0,0,0.253617972,0,0,785.488586,125068.578,2000,-3086396.75,-4.91E+09,3.33E-07,-1684207.5,613002.125,0,-4627584,1684304.88,0,1.25072372,0.683227658,0.243329123,1177466.5,0,0,5148.3877,5.92E-02,0.478316665,0.332098842,1.54E-17,0.157743752,4.73E-10,0.031840704
0.102515064,0.398615509,0,125115.938,2000,0,0,0,0.253726512,0,0,785.465149,125115.938,2000,-3087131.5,-4.90E+09,3.33E-07,-1687669.88,614262.25,0,-4637023.5,1687740.5,0,1.25071049,0.683229029,0.244086534,1177453.25,0,0,5148.38818,5.96E-02,0.478298664,0.332110316,1.53E-17,0.157803744,4.69E-10,0.031787254
0.104143836,0.403090507,0,125159.344,2000,0,0,0,0.253827035,0,0,785.441589,125159.344,2000,-3087868.5,-4.89E+09,3.33E-07,-1690814.62,615406.75,0,-4645575,1690852.62,0,1.2506969,0.68323046,0.244790807,1177415.62,0,0,5148.27637,5.99E-02,0.478286713,0.332117915,1.52E-17,0.157859266,4.66E-10,0.031736068
0.1057726,0.407565504,0,125203.336,2000,0,0,0,0.253929108,0,0,785.417297,125203.336,2000,-3088631.75,-4.88E+09,3.33E-07,-1693545.62,616400.688,0,-4652975.5,1693546,0,1.25068259,0.68323189,0.245439753,1177398.25,0,0,5148.24756,6.02E-02,0.478283405,0.332120001,1.51E-17,0.157909855,4.63E-10,0.031686686
0.107401371,0.412040532,0,125251.047,2000,0,0,0,0.254038841,0,0,785.3927,125251.047,2000,-3089404.75,-4.88E+09,3.33E-07,-1695929.12,617268.188,0,-4659425,1695893.38,0,1.25066793,0.68323338,0.246041745,1177443.5,0,0,5148.48828,6.05E-02,0.478286088,0.332118303,1.50E-17,0.157956496,4.60E-10,0.031639069
0.109030142,0.416515529,0,125302.836,2000,0,0,0,0.254156232,0,0,785.369324,125302.836,2000,-3090139.25,-4.87E+09,3.33E-07,-1698076.25,618049.625,0,-4665240.5,1698009.88,0,1.25065398,0.683234811,0.246605352,1177563.5,0,0,5149.05469,6.08E-02,0.478288054,0.332117051,1.49E-17,0.158001259,4.57E-10,0.031593598
0.110658906,0.420990527,0,125358.531,2000,0,0,0,0.254280239,0,0,785.34845,125358.531,2000,-3090794.25,-4.87E+09,3.33E-07,-1700134.5,618798.75,0,-4670806.5,1700035.75,0,1.2506417,0.683236003,0.247140571,1177783.5,0,0,5150.05811,6.11E-02,0.478283823,0.332119763,1.49E-17,0.158045724,4.54E-10,0.031550657
0.112287678,0.425465554,0,125416.312,2000,0,0,0,0.254407167,0,0,785.330261,125416.312,2000,-3091366,-4.86E+09,3.32E-07,-1702363,619609.938,0,-4676822,1702225.38,0,1.25063133,0.683237016,0.247664422,1178108.25,0,0,5151.521,6.13E-02,0.478273034,0.332126617,1.48E-17,0.158089966,4.52E-10,0.031510346
0.113916449,0.429940552,0,125471.43,2000,0,0,0,0.254527807,0,0,785.313782,125471.43,2000,-3091883.25,-4.86E+09,3.32E-07,-1704950.75,620551.875,0,-4683807.5,1704768,0,1.25062191,0.683237851,0.248186573,1178484.62,0,0,5153.20801,6.16E-02,0.47826004,0.332134873,1.47E-17,0.158132434,4.50E-10,0.03147259
0.115545221,0.434415549,0,125518.68,2000,0,0,0,0.254632175,0,0,785.297791,125518.68,2000,-3092385,-4.86E+09,3.32E-07,-1707878.62,621617.625,0,-4691719,1707647.75,0,1.25061274,0.683238745,0.248701319,1178836.38,0,0,5154.78369,6.18E-02,0.478250802,0.332140774,1.47E-17,0.158171088,4.48E-10,0.031437296
0.117173985,0.438890576,0,125554.617,2000,0,0,0,0.254713774,0,0,785.281372,125554.617,2000,-3092900.25,-4.85E+09,3.32E-07,-1710890.5,622713.812,0,-4699871,1710614.75,0,1.25060308,0.683239698,0.249187604,1179081.62,0,0,5155.88672,6.21E-02,0.478249729,0.332141459,1.47E-17,0.158204347,4.47E-10,0.031404428
0.118802756,0.443365574,0,125580.711,2000,0,0,0,0.254775763,0,0,785.26416,125580.711,2000,-3093441.25,-4.85E+09,3.32E-07,-1713596,623698.438,0,-4707192.5,1713279.38,0,1.25059259,0.683240771,0.249618873,1179195.12,0,0,5156.40674,6.23E-02,0.478258401,0.332135946,1.47E-17,0.158231825,4.45E-10,0.031373806
0.120431527,0.447840571,0,125603.609,2000,0,0,0,0.254831582,0,0,785.246216,125603.609,2000,-3094005.75,-4.84E+09,3.32E-07,-1715762.88,624486.938,0,-4713041.5,1715407.88,0,1.25058138,0.683242023,0.249984846,1179246.75,0,0,5156.65088,6.25E-02,0.478275806,0.332124859,1.46E-17,0.158254102,4.44E-10,0.031345196
0.122060299,0.452315599,0,125630.82,2000,0,0,0,0.254896402,0,0,785.227783,125630.82,2000,-3094587.75,-4.84E+09,3.32E-07,-1717330.12,625057.312,0,-4717255,1716941,0,1.25056958,0.683243275,0.250288785,1179332.38,0,0,5157.03809,6.26E-02,0.478300273,0.332109272,1.46E-17,0.158272117,4.44E-10,0.031318296
0.123689063,0.456790596,0,125666.352,2000,0,0,0,0.254978359,0,0,785.208801,125666.352,2000,-3095187,-4.84E+09,3.32E-07,-1718471.88,625472.812,0,-4720330.5,1718060.25,0,1.25055742,0.683244586,0.250548005,1179498.25,0,0,5157.77295,6.28E-02,0.478329778,0.332090497,1.46E-17,0.158287376,4.43E-10,0.031292308
0.125317827,0.461265594,0,125708.062,2000,0,0,0,0.255072862,0,0,785.189819,125708.062,2000,-3095789,-4.83E+09,3.32E-07,-1719584.25,625877.688,0,-4723369,1719166.38,0,1.25054502,0.683245897,0.250789791,1179720.88,0,0,5158.75488,6.29E-02,0.47836107,0.332070589,1.46E-17,0.158301443,4.42E-10,0.031266876
0.126946598,0.465740621,0,125749.148,2000,0,0,0,0.255165726,0,0,785.171387,125749.148,2000,-3096371,-4.83E+09,3.32E-07,-1721130.75,626440.75,0,-4727607,1720709.25,0,1.25053287,0.683247089,0.25104031,1180047.12,0,0,5160.18359,6.30E-02,0.478397995,0.332047075,1.46E-17,0.158309966,4.41E-10,0.031244936
0.12857537,0.470215619,0,125781.438,2000,0,0,0,0.255240679,0,0,785.153015,125781.438,2000,-3096954,-4.83E+09,3.31E-07,-1723091.62,627154.438,0,-4732976,1722663.5,0,1.25052047,0.683248341,0.251290232,1180334.12,0,0,5161.43457,6.31E-02,0.478442132,0.332018971,1.46E-17,0.158313051,4.40E-10,0.031225812
0.130204141,0.474690616,0,125801.047,2000,0,0,0,0.255290419,0,0,785.133606,125801.047,2000,-3097568.25,-4.83E+09,3.31E-07,-1725066.38,627873.188,0,-4738385,1724632.25,0,1.25050735,0.683249831,0.251507372,1180430.5,0,0,5161.84863,6.32E-02,0.478491962,0.331987232,1.45E-17,0.158313751,4.39E-10,0.031206988
0.131832913,0.479165643,0,125810.797,2000,0,0,0,0.255320966,0,0,785.112488,125810.797,2000,-3098237.5,-4.83E+09,3.31E-07,-1726769.38,628492.938,0,-4743030,1726322.5,0,1.25049269,0.6832515,0.251673609,1180416.25,0,0,5161.77295,6.33E-02,0.478553385,0.331948131,1.45E-17,0.158309087,4.37E-10,0.03118933
0.133461684,0.483640641,0,125817.422,2000,0,0,0,0.255346566,0,0,785.088562,125817.422,2000,-3098995.75,-4.83E+09,3.31E-07,-1727990.38,628937.25,0,-4746372.5,1727538.88,0,1.250476,0.683253407,0.251781821,1180335.12,0,0,5161.396,6.34E-02,0.478630573,0.331899017,1.44E-17,0.15829803,4.36E-10,0.031172343
0.135090455,0.488115638,0,125829.406,2000,0,0,0,0.255384445,0,0,785.061768,125829.406,2000,-3099846.75,-4.82E+09,3.31E-07,-1728649.25,629176.938,0,-4748194,1728201.5,0,1.25045705,0.683255613,0.251834869,1180278.5,0,0,5161.11914,6.34E-02,0.478722215,0.331840664,1.44E-17,0.158281788,4.36E-10,0.031155285
0.136719212,0.492590666,0,125850.352,2000,0,0,0,0.255441129,0,0,785.033752,125850.352,2000,-3100736.5,-4.82E+09,3.31E-07,-1729020,629311.875,0,-4749246,1728584.38,0,1.25043726,0.683257878,0.251856208,1180310,0,0,5161.22461,6.34E-02,0.478820086,0.331778377,1.45E-17,0.158263251,4.37E-10,0.031138262
0.138347983,0.497065663,0,125875.109,2000,0,0,0,0.255504817,0,0,785.007141,125875.109,2000,-3101581.5,-4.82E+09,3.31E-07,-1729659.75,629544.875,0,-4751094,1729257.25,0,1.25041831,0.683260083,0.251881659,1180398.38,0,0,5161.58008,6.34E-02,0.478913188,0.3317191,1.45E-17,0.158245519,4.38E-10,0.03112215
0.139976755,0.501540661,0,125895.18,2000,0,0,0,0.255557239,0,0,784.984131,125895.18,2000,-3102312.75,-4.82E+09,3.31E-07,-1730810.75,629963.875,0,-4754375,1730451.88,0,1.25040197,0.68326205,0.251919568,1180483.62,0,0,5161.92627,6.35E-02,0.478993177,0.331668198,1.45E-17,0.158230633,4.39E-10,0.031107981
0.141605526,0.506015658,0,125905.133,2000,0,0,0,0.255586833,0,0,784.965576,125905.133,2000,-3102902.25,-4.82E+09,3.31E-07,-1732251.75,630488.375,0,-4758474,1731943.88,0,1.25038886,0.683263719,0.251948237,1180517,0,0,5162.05127,0.063468367,0.47905761,0.33162716,1.46E-17,0.158218652,4.40E-10,0.031096535
0.143234298,0.510490656,0,125904,2000,0,0,0,0.255591929,0,0,784.950989,125904,2000,-3103365.25,-4.81E+09,3.31E-07,-1733750.62,631033.938,0,-4762626,1733454.88,0,1.25037849,0.683265209,0.251947224,1180474.88,0,0,5161.84912,0.063467905,0.479109496,0.331594139,1.46E-17,0.158208266,4.41E-10,0.031088064
0.144863069,0.514965653,0,125896.305,2000,0,0,0,0.255582273,0,0,784.939087,125896.305,2000,-3103742.5,-4.81E+09,3.31E-07,-1734926.75,631461.875,0,-4765879,1734638.5,0,1.25036991,0.683266521,0.251896143,1180387,0,0,5161.44824,0.063442208,0.479154706,0.33156535,1.46E-17,0.158197567,4.42E-10,0.03108234
0.14649184,0.519440711,0,125891.469,2000,0,0,0,0.255577773,0,0,784.928467,125891.469,2000,-3104079.5,-4.81E+09,3.31E-07,-1735549.5,631688.438,0,-4767684.5,1735295.5,0,1.25036228,0.683267772,0.251790255,1180358,0,0,5161.30322,0.063388906,0.479198664,0.331537366,1.47E-17,0.158185288,4.42E-10,0.031078635
0.148120597,0.523915708,0,125896.969,2000,0,0,0,0.255594105,0,0,784.918152,125896.969,2000,-3104408.5,-4.81E+09,3.31E-07,-1735806.88,631782.062,0,-4768332.5,1735531.12,0,1.25035453,0.683268905,0.251645863,1180477.12,0,0,5161.8042,0.063316248,0.479244232,0.331508368,1.47E-17,0.158171296,4.44E-10,0.031076072
0.149749368,0.528390706,0,125911.258,2000,0,0,0,0.255628169,0,0,784.907959,125911.258,2000,-3104733.25,-4.81E+09,3.31E-07,-1736029.75,631863.188,0,-4768908,1735740.75,0,1.25034702,0.683269978,0.251489848,1180716.12,0,0,5162.82764,0.063237801,0.479291052,0.331478566,1.48E-17,0.158156067,4.45E-10,0.031074282
0.15137814,0.532865703,0,125924.594,2000,0,0,0,0.255659908,0,0,784.898682,125924.594,2000,-3105031.75,-4.81E+09,3.31E-07,-1736655.75,632091.188,0,-4770783,1736423.5,0,1.25033987,0.68327105,0.251348287,1180960.75,0,0,5163.87549,0.063166693,0.479336292,0.331449747,1.48E-17,0.158140391,4.46E-10,0.03107352
0.153006911,0.537340701,0,125929.789,2000,0,0,0,0.255674243,0,0,784.89093,125929.789,2000,-3105278,-4.81E+09,3.31E-07,-1737599.75,632434.812,0,-4773521.5,1737420.38,0,1.25033402,0.683272064,0.251203299,1181138.62,0,0,5164.63281,0.063093878,0.47937718,0.33142373,1.49E-17,0.15812476,4.48E-10,0.031074299
0.154635683,0.541815698,0,125923.289,2000,0,0,0,0.255663812,0,0,784.885315,125923.289,2000,-3105459,-4.81E+09,3.31E-07,-1738734.12,632847.75,0,-4776636.5,1738554.25,0,1.25032949,0.683273017,0.251039028,1181196.12,0,0,5164.86377,0.06301143,0.479412585,0.331401199,1.49E-17,0.158109158,4.50E-10,0.031077031
0.156264454,0.546290755,0,125908.344,2000,0,0,0,0.255635262,0,0,784.88147,125908.344,2000,-3105582,-4.81E+09,3.31E-07,-1739760.88,633221.312,0,-4779378.5,1739552,0,1.25032616,0.683273911,0.250839114,1181191.12,0,0,5164.82227,0.062911145,0.479443997,0.331381202,1.50E-17,0.158092961,4.51E-10,0.031081805
0.157893226,0.550765753,0,125895.961,2000,0,0,0,0.25561133,0,0,784.878784,125895.961,2000,-3105668.75,-4.81E+09,3.31E-07,-1740223,633389.375,0,-4780643,1740011.88,0,1.25032353,0.683274627,0.250585407,1181287.38,0,0,5165.22217,0.062783971,0.479473978,0.331362098,1.50E-17,0.158075586,4.53E-10,0.031088291
0.159521997,0.55524075,0,125892.5,2000,0,0,0,0.255605251,0,0,784.876526,125892.5,2000,-3105742.75,-4.82E+09,3.31E-07,-1740410.75,633457.75,0,-4781115,1740183.75,0,1.25032127,0.683275342,0.25030297,1181530.12,0,0,5166.26172,0.062642559,0.479504943,0.331342399,1.51E-17,0.158056647,4.54E-10,0.031095972
0.161150753,0.559715748,0,125898.961,2000,0,0,0,0.255619437,0,0,784.874084,125898.961,2000,-3105824.25,-4.82E+09,3.31E-07,-1740559.5,633511.875,0,-4781353,1740270.25,0,1.25031865,0.683275938,0.250008166,1181919,0,0,5167.9375,0.062495127,0.479538888,0.331320792,1.51E-17,0.158035919,4.56E-10,0.031104367
0.162779525,0.564190745,0,125909.961,2000,0,0,0,0.2556431,0,0,784.871094,125909.961,2000,-3105923.5,-4.82E+09,3.31E-07,-1740903.25,633637.062,0,-4782245,1740595.25,0,1.25031555,0.683276594,0.249718428,1182374.75,0,0,5169.90332,0.06235043,0.479576945,0.331296563,1.52E-17,0.15801318,4.58E-10,0.031113284
0.164408296,0.568665743,0,125916.172,2000,0,0,0,0.255657375,0,0,784.867371,125916.172,2000,-3106045.25,-4.83E+09,3.31E-07,-1741619.25,633897.75,0,-4784316,1741349.12,0,1.25031185,0.683277369,0.249438494,1182762.5,0,0,5171.56836,0.062210776,0.479620129,0.331269085,1.52E-17,0.157987937,4.60E-10,0.031122832
0.166037068,0.5731408,0,125911.305,2000,0,0,0,0.255649567,0,0,784.862854,125911.305,2000,-3106193,-4.83E+09,3.31E-07,-1742612,634259.125,0,-4787065,1742349.75,0,1.25030756,0.683278322,0.249150008,1182993.75,0,0,5172.54541,0.062067028,0.479669511,0.331237644,1.53E-17,0.15795961,4.62E-10,0.031133205
0.167665839,0.577615798,0,125894.148,2000,0,0,0,0.255617172,0,0,784.857422,125894.148,2000,-3106368.25,-4.83E+09,3.31E-07,-1743665.38,634642.5,0,-4789900.5,1743381.75,0,1.25030243,0.683279455,0.248836666,1183060.75,0,0,5172.80029,0.061911054,0.479725718,0.331201851,1.54E-17,0.157927796,4.65E-10,0.031144587
0.169294611,0.582090795,0,125873.172,2000,0,0,0,0.255577415,0,0,784.851257,125873.172,2000,-3106568.5,-4.83E+09,3.31E-07,-1744374.25,634900.375,0,-4791780.5,1744065.75,0,1.25029671,0.683280647,0.248479679,1183124.5,0,0,5173.03613,0.061733555,0.479788452,0.331161916,1.55E-17,0.157892615,4.67E-10,0.031156983
0.170923382,0.586565793,0,125858.141,2000,0,0,0,0.255549997,0,0,784.844482,125858.141,2000,-3106788.75,-4.83E+09,3.31E-07,-1744629.88,634993.375,0,-4792449,1744308.88,0,1.25029039,0.683281839,0.248082101,1183316.75,0,0,5173.83105,0.061536178,0.479856312,0.331118703,1.55E-17,0.157854751,4.70E-10,0.031170171
0.172552153,0.59104079,0,125852.656,2000,0,0,0,0.255542189,0,0,784.83728,125852.656,2000,-3107022.25,-4.83E+09,3.31E-07,-1744759.5,635040.562,0,-4792785.5,1744431.38,0,1.25028384,0.683283031,0.247670531,1183652.62,0,0,5175.25146,0.0613322,0.479927659,0.331073314,1.56E-17,0.157815099,4.72E-10,0.0311839
0.17418091,0.595515788,0,125855.703,2000,0,0,0,0.255551755,0,0,784.829895,125855.703,2000,-3107262.25,-4.84E+09,3.31E-07,-1745009.5,635131.562,0,-4793313,1744623.38,0,1.25027692,0.683284163,0.247258142,1184113.12,0,0,5177.21582,0.061128177,0.480000943,0.331026644,1.57E-17,0.157774374,4.75E-10,0.031197993
0.175809681,0.599990845,0,125861.297,2000,0,0,0,0.255566478,0,0,784.822571,125861.297,2000,-3107501.5,-4.84E+09,3.31E-07,-1745500.38,635310.312,0,-4794605,1745094,0,1.25027013,0.683285296,0.246853366,1184618.12,0,0,5179.37354,0.060928229,0.48007521,0.330979377,1.58E-17,0.157732859,4.78E-10,0.031212522
0.177438453,0.604465842,0,125862.125,2000,0,0,0,0.255571425,0,0,784.81543,125862.125,2000,-3107734.75,-4.85E+09,3.31E-07,-1746319.5,635608.5,0,-4796910.5,1745933.12,0,1.25026333,0.683286488,0.246455461,1185075.12,0,0,5181.31982,0.060732018,0.480150312,0.330931544,1.59E-17,0.157690316,4.80E-10,0.031227771
0.179067224,0.60894084,0,125852.031,2000,0,0,0,0.25555411,0,0,784.808411,125852.031,2000,-3107963.5,-4.85E+09,3.31E-07,-1747404.5,636003.5,0,-4799871,1747010.88,0,1.25025666,0.68328774,0.246050045,1185389.12,0,0,5182.63965,0.060532421,0.480227321,0.330882549,1.60E-17,0.157646045,4.84E-10,0.031244062
0.180695996,0.613415837,0,125832.523,2000,0,0,0,0.255517691,0,0,784.801331,125832.523,2000,-3108194.25,-4.85E+09,3.31E-07,-1748499.5,636401.938,0,-4802870.5,1748102.5,0,1.25024974,0.683289111,0.245622739,1185601.88,0,0,5183.51367,0.060322374,0.480307758,0.330831319,1.61E-17,0.15759927,4.87E-10,0.031261593
0.182324767,0.617890835,0,125811.961,2000,0,0,0,0.255479217,0,0,784.793945,125811.961,2000,-3108434.75,-4.86E+09,3.31E-07,-1749312.88,636697.938,0,-4805092,1748910.88,0,1.25024259,0.683290482,0.245161071,1185856.25,0,0,5184.56641,0.060095824,0.480392724,0.330777258,1.62E-17,0.157549679,4.90E-10,0.031280313
0.183953539,0.622365832,0,125796.812,2000,0,0,0,0.255451977,0,0,784.786072,125796.812,2000,-3108690.25,-4.86E+09,3.31E-07,-1749796.25,636873.812,0,-4806444,1749402.75,0,1.25023496,0.683291793,0.244669214,1186213.75,0,0,5186.06689,0.059854917,0.48048228,0.330720246,1.63E-17,0.157497525,4.94E-10,0.031299923
0.185582295,0.626840889,0,125790.766,2000,0,0,0,0.255443484,0,0,784.777771,125790.766,2000,-3108962.75,-4.86E+09,3.31E-07,-1750176.62,637012.25,0,-4807525,1749796.38,0,1.25022686,0.683293164,0.244166285,1186708.12,0,0,5188.16309,0.059609104,0.4805758,0.330660701,1.64E-17,0.157443419,4.98E-10,0.031320047
0.187211066,0.631315887,0,125792.797,2000,0,0,0,0.25545159,0,0,784.768982,125792.797,2000,-3109250.25,-4.87E+09,3.31E-07,-1750677,637194.375,0,-4808796.5,1750259,0,1.25021839,0.683294475,0.243663669,1187317.75,0,0,5190.76123,0.059363961,0.480672359,0.330599248,1.65E-17,0.157387942,5.01E-10,0.031340424
0.188839838,0.635790884,0,125797.148,2000,0,0,0,0.255464554,0,0,784.759827,125797.148,2000,-3109548.5,-4.88E+09,3.31E-07,-1751386,637452.562,0,-4810638.5,1750929.75,0,1.25020969,0.683295846,0.243165195,1187960.5,0,0,5193.50342,0.059121341,0.480771244,0.330536276,1.66E-17,0.157331362,5.05E-10,0.031361066
0.190468609,0.640265882,0,125797.156,2000,0,0,0,0.255468816,0,0,784.750488,125797.156,2000,-3109853.75,-4.88E+09,3.31E-07,-1752337.12,637798.75,0,-4813310,1751902.12,0,1.25020075,0.683297276,0.242670581,1188551.88,0,0,5196.01855,0.058881111,0.480872512,0.330471814,1.68E-17,0.157273427,5.09E-10,0.031382207
0.192097381,0.64474088,0,125787.188,2000,0,0,0,0.255452871,0,0,784.741028,125787.188,2000,-3110163.75,-4.89E+09,3.31E-07,-1753507.25,638224.688,0,-4816586.5,1753094.88,0,1.25019157,0.683298826,0.24216941,1189010.12,0,0,5197.94971,0.058638189,0.480976641,0.330405533,1.69E-17,0.157213598,5.14E-10,0.03140419
0.193726152,0.649215877,0,125767.797,2000,0,0,0,0.255417794,0,0,784.731445,125767.797,2000,-3110475.25,-4.89E+09,3.31E-07,-1754764.5,638682.25,0,-4820036.5,1754350.5,0,1.25018239,0.683300376,0.241651699,1189372.75,0,0,5199.45996,0.058387753,0.48108387,0.330337256,1.70E-17,0.157151505,5.18E-10,0.031427313
0.195354924,0.653690875,0,125745.898,2000,0,0,0,0.255377561,0,0,784.721924,125745.898,2000,-3110785.5,-4.89E+09,3.31E-07,-1755819,639066,0,-4822898,1755391.75,0,1.25017309,0.683301985,0.24110499,1189767.88,0,0,5201.11035,0.058123853,0.48119393,0.330267191,1.72E-17,0.157087177,5.22E-10,0.031451646
0.196983695,0.658165932,0,125728.367,2000,0,0,0,0.255346209,0,0,784.712402,125728.367,2000,-3111096.5,-4.90E+09,3.31E-07,-1756597.88,639349.438,0,-4824985,1756151.38,0,1.25016367,0.683303535,0.240531445,1190272.5,0,0,5203.23633,0.057847653,0.481306583,0.330195487,1.73E-17,0.157020912,5.27E-10,0.031476971
0.198612452,0.662640929,0,125719.219,2000,0,0,0,0.255332083,0,0,784.702454,125719.219,2000,-3111421.5,-4.90E+09,3.31E-07,-1757164.75,639555.75,0,-4826549.5,1756720.62,0,1.2501539,0.683305025,0.239941344,1190906.75,0,0,5205.92676,0.057564165,0.481422812,0.330121517,1.75E-17,0.156952828,5.32E-10,0.031502824
0.200241223,0.667115927,0,125717.992,2000,0,0,0,0.255334586,0,0,784.691406,125717.992,2000,-3111782.5,-4.91E+09,3.31E-07,-1757759.38,639772.188,0,-4828110,1757288.75,0,1.25014329,0.683306634,0.23934795,1191634.38,0,0,5209.02246,0.057279814,0.481544793,0.330043852,1.76E-17,0.156882614,5.37E-10,0.031528715
0.201869994,0.671590924,0,125721.125,2000,0,0,0,0.255346686,0,0,784.678894,125721.125,2000,-3112192.25,-4.92E+09,3.31E-07,-1758511.88,640046.125,0,-4830137,1758026.62,0,1.25013149,0.683308303,0.238759473,1192410.5,0,0,5212.32715,0.05699851,0.481674075,0.329961538,1.78E-17,0.156809911,5.42E-10,0.031554438
0.203498766,0.676065922,0,125722.961,2000,0,0,0,0.255356848,0,0,784.664917,125722.961,2000,-3112645.75,-4.93E+09,3.31E-07,-1759450.25,640387.688,0,-4832785,1758990.38,0,1.25011861,0.683310091,0.238174215,1193163.5,0,0,5215.52686,0.056719445,0.481810063,0.329874963,1.79E-17,0.156734824,5.47E-10,0.031580091
0.205127537,0.680540919,0,125717.656,2000,0,0,0,0.255352765,0,0,784.650391,125717.656,2000,-3113117.25,-4.93E+09,3.31E-07,-1760704.88,640844.438,0,-4836198,1760232.88,0,1.25010538,0.683312058,0.23759079,1193822.25,0,0,5218.31201,0.056441933,0.481949985,0.329785913,1.81E-17,0.156657904,5.53E-10,0.031606171
0.206756309,0.685015976,0,125703.016,2000,0,0,0,0.255329609,0,0,784.636108,125703.016,2000,-3113581.5,-4.94E+09,3.31E-07,-1762177.38,641380.375,0,-4840210.5,1761693.25,0,1.25009215,0.683314025,0.237002611,1194394.25,0,0,5220.71582,0.056162849,0.482092083,0.329695463,1.83E-17,0.156578869,5.58E-10,0.031633571
0.20838508,0.689490974,0,125681.922,2000,0,0,0,0.25529322,0,0,784.621948,125681.922,2000,-3114041.5,-4.94E+09,3.31E-07,-1763594.38,641896.125,0,-4844107,1763111.5,0,1.25007892,0.683315992,0.236394972,1194935.88,0,0,5222.9834,0.055875227,0.482237399,0.329602927,1.84E-17,0.156497091,5.64E-10,0.031662531
0.210013852,0.693965971,0,125660.664,2000,0,0,0,0.255256832,0,0,784.607178,125660.664,2000,-3114523,-4.95E+09,3.31E-07,-1764752.5,642317.562,0,-4847284,1764267.5,0,1.25006509,0.683317959,0.235759526,1195515.38,0,0,5225.4126,0.055575237,0.482388735,0.329506606,1.86E-17,0.156412095,5.69E-10,0.031692535
0.211642608,0.698440969,0,125645.273,2000,0,0,0,0.255233288,0,0,784.590393,125645.273,2000,-3115066.25,-4.96E+09,3.32E-07,-1765512.38,642594.062,0,-4849410,1765041.25,0,1.25004983,0.683320105,0.235094428,1196156.75,0,0,5228.10791,0.0552621,0.482549727,0.329404116,1.88E-17,0.156323612,5.74E-10,0.031722501
0.213271379,0.702915967,0,125639.078,2000,0,0,0,0.25522992,0,0,784.57074,125639.078,2000,-3115704.25,-4.96E+09,3.32E-07,-1766047.25,642788.75,0,-4850954,1765603.25,0,1.25003242,0.68332243,0.234414697,1196871.75,0,0,5231.11914,5.49E-02,0.482722908,0.329293877,1.90E-17,0.156231835,5.80E-10,0.031751346
0.214900151,0.707390964,0,125641.469,2000,0,0,0,0.255245328,0,0,784.548401,125641.469,2000,-3116425.5,-4.97E+09,3.32E-07,-1766639.25,643004.188,0,-4852516,1766171.75,0,1.25001299,0.683324933,0.233734891,1197679.75,0,0,5234.53271,5.46E-02,0.482906342,0.329177082,1.91E-17,0.156137466,5.86E-10,0.031779047
0.216528922,0.711866021,0,125647.812,2000,0,0,0,0.255268842,0,0,784.525879,125647.812,2000,-3117155,-4.98E+09,3.31E-07,-1767473.88,643308.062,0,-4854770.5,1766992.5,0,1.24999344,0.683327436,0.233066037,1198565.62,0,0,5238.28613,0.054312587,0.483091027,0.329059541,1.93E-17,0.15604268,5.92E-10,0.031806726
0.218157694,0.716341019,0,125652.367,2000,0,0,0,0.255286902,0,0,784.507019,125652.367,2000,-3117766,-4.99E+09,3.31E-07,-1768817,643797,0,-4858618.5,1768393.38,0,1.24997663,0.683329642,0.232423052,1199518,0,0,5242.33643,0.054013304,0.483259767,0.328952104,1.95E-17,0.155952573,5.97E-10,0.031835508
0.219786465,0.720816016,0,125651.078,2000,0,0,0,0.255289197,0,0,784.495728,125651.078,2000,-3118139,-5.00E+09,3.31E-07,-1770938.25,644569.312,0,-4864547.5,1770551.88,0,1.24996483,0.683331072,0.231813267,1200718.38,0,0,5247.46973,0.05373022,0.483413994,0.328853935,1.96E-17,0.155858532,6.02E-10,0.031873494
0.221415237,0.725291014,0,125642.164,2000,0,0,0,0.255272299,0,0,784.491699,125642.164,2000,-3118282.5,-5.01E+09,3.31E-07,-1773610.75,645542,0,-4871921,1773235.62,0,1.24995792,0.683331907,0.231219783,1202022.25,0,0,5253.06006,0.053455424,0.483546853,0.328769356,1.98E-17,0.155766338,6.09E-10,0.031917412
0.223043993,0.729766011,0,125628.297,2000,0,0,0,0.255243719,0,0,784.490906,125628.297,2000,-3118321.5,-5.02E+09,3.32E-07,-1776320.25,646528.188,0,-4879422.5,1775965.88,0,1.24995363,0.683332562,0.230614603,1203267.75,0,0,5258.4043,0.053175926,0.483661711,0.328696251,2.01E-17,0.155681282,6.19E-10,0.031960733
0.224672765,0.734241009,0,125615.281,2000,0,0,0,0.255219102,0,0,784.485596,125615.281,2000,-3118505,-5.03E+09,3.32E-07,-1778594.25,647355.75,0,-4885735.5,1778263.25,0,1.24994588,0.683333635,0.229973882,1204448,0,0,5263.45215,0.052880827,0.48379916,0.328608721,2.06E-17,0.15558809,6.32E-10,0.032003976
0.226301536,0.738716066,0,125608.586,2000,0,0,0,0.255214363,0,0,784.466248,125608.586,2000,-3119134.25,-5.04E+09,3.32E-07,-1780196.25,647938.688,0,-4890223.5,1779896.38,0,1.24992788,0.683335781,0.229290277,1205485.38,0,0,5267.8501,0.052566908,0.483995229,0.328483939,2.11E-17,0.155478328,6.48E-10,0.032042485
0.227930307,0.743191063,0,125611.445,2000,0,0,0,0.255238086,0,0,784.428833,125611.445,2000,-3120339.75,-5.05E+09,3.32E-07,-1781088.75,648263.375,0,-4892622.5,1780769.12,0,1.24989665,0.683339298,0.228562444,1206395.75,0,0,5271.66016,0.052233741,0.484267771,0.32831043,2.16E-17,0.155346557,6.63E-10,0.032075208
0.229559079,0.747666061,0,125622.805,2000,0,0,0,0.255286247,0,0,784.377258,125622.805,2000,-3121996,-5.06E+09,3.31E-07,-1781265.88,648327.75,0,-4892993,1780903.88,0,1.24985516,0.683344007,0.22779049,1207128,0,0,5274.66992,0.051881541,0.484595656,0.328101695,2.19E-17,0.155201003,6.74E-10,0.032101601
0.23118785,0.752141058,0,125637.312,2000,0,0,0,0.255342722,0,0,784.32196,125637.312,2000,-3123769.75,-5.07E+09,3.31E-07,-1781134.25,648279.812,0,-4892624.5,1780769.62,0,1.24981117,0.683349192,0.226997331,1207715.62,0,0,5277.04785,0.051520918,0.484930336,0.327888638,2.21E-17,0.155057684,6.78E-10,0.032123301
0.232816622,0.756616056,0,125648.391,2000,0,0,0,0.255387843,0,0,784.275513,125648.391,2000,-3125260.25,-5.07E+09,3.31E-07,-1781248.62,648321.562,0,-4893033.5,1780918.75,0,1.2497741,0.683353841,0.22620973,1208268.88,0,0,5279.2998,0.05116405,0.485219032,0.327704847,2.20E-17,0.154931545,6.79E-10,0.03214452
0.234445393,0.761091053,0,125650.461,2000,0,0,0,0.255405486,0,0,784.247498,125650.461,2000,-3126164.5,-5.08E+09,3.31E-07,-1781913.62,648563.688,0,-4894912.5,1781602.88,0,1.24975061,0.683357179,0.225436866,1208930.5,0,0,5282.0625,0.050815057,0.485425115,0.327573657,2.20E-17,0.154831454,6.78E-10,0.032169722
0.23607415,0.765566111,0,125639.68,2000,0,0,0,0.25538674,0,0,784.239868,125639.68,2000,-3126416.75,-5.09E+09,3.31E-07,-1783334.88,649081.188,0,-4898776,1783009.62,0,1.24974215,0.683358967,0.224686727,1209716.5,0,0,5285.40625,0.050477438,0.485545427,0.327497095,2.21E-17,0.154755667,6.81E-10,0.032201789
0.237702921,0.770041108,0,125616.867,2000,0,0,0,0.255335867,0,0,784.247559,125616.867,2000,-3126182.5,-5.10E+09,3.31E-07,-1785409.25,649836.25,0,-4904464,1785080.12,0,1.24974465,0.683359623,0.223956853,1210595.5,0,0,5289.18066,0.050150022,0.485603899,0.327459872,2.23E-17,0.15469636,6.87E-10,0.032239847
0.239331692,0.774516106,0,125586.727,2000,0,0,0,0.255266815,0,0,784.26178,125586.727,2000,-3125741.75,-5.10E+09,3.32E-07,-1787765.62,650693.875,0,-4910923,1787431,0,1.24975181,0.683359683,0.223229185,1211579.12,0,0,5293.41846,0.049824636,0.485640913,0.327436298,2.26E-17,0.154640391,6.98E-10,0.03228236
0.240960464,0.778991103,0,125555.625,2000,0,0,0,0.255197108,0,0,784.273132,125555.625,2000,-3125391,-5.11E+09,3.32E-07,-1790146,651560.25,0,-4917430,1789799.25,0,1.24975657,0.683359861,0.22249496,1212654.25,0,0,5298.04248,0.0494974,0.485700041,0.327398658,2.30E-17,0.154573262,7.11E-10,0.03232801
0.242589235,0.783466101,0,125530.531,2000,0,0,0,0.255144417,0,0,784.274841,125530.531,2000,-3125350,-5.12E+09,3.32E-07,-1792228.12,652318,0,-4923109,1791866.12,0,1.24975395,0.683360636,0.221742243,1213776.62,0,0,5302.84717,0.049163032,0.485808939,0.327329338,2.35E-17,0.154487699,7.25E-10,0.032373995
0.244218007,0.787941098,0,125517.172,2000,0,0,0,0.255121589,0,0,784.264526,125517.172,2000,-3125695,-5.13E+09,3.32E-07,-1793929,652937.062,0,-4927787.5,1793568.88,0,1.24974227,0.683362305,0.220972896,1214950.62,0,0,5307.84961,0.048822459,0.485974967,0.327223629,2.39E-17,0.154382914,7.39E-10,0.032418452
0.245846778,0.792416155,0,125516.031,2000,0,0,0,0.25512886,0,0,784.243591,125516.031,2000,-3126377.75,-5.14E+09,3.32E-07,-1795547.25,653526.062,0,-4932155.5,1795158.62,0,1.24972272,0.68336463,0.220203131,1216174.25,0,0,5313.04639,0.048482887,0.48618871,0.327087581,2.43E-17,0.15426302,7.52E-10,0.03246066
0.247475535,0.796891153,0,125522.953,2000,0,0,0,0.255155891,0,0,784.215881,125522.953,2000,-3127274.75,-5.15E+09,3.32E-07,-1797237,654141.062,0,-4936669,1796801.38,0,1.24969828,0.683367491,0.219438702,1217433.62,0,0,5318.38623,0.048146859,0.486431688,0.326932907,2.47E-17,0.154134363,7.64E-10,0.03250102
0.249104306,0.80136615,0,125532.898,2000,0,0,0,0.255190283,0,0,784.185791,125532.898,2000,-3128249.75,-5.17E+09,3.32E-07,-1799021.12,654790.5,0,-4941570,1798585.25,0,1.24967194,0.683370531,0.218679309,1218702.88,0,0,5323.76416,0.047814198,0.48668471,0.326771826,2.51E-17,0.15400295,7.76E-10,0.032540474
0.250733078,0.805841148,0,125540.781,2000,0,0,0,0.255220056,0,0,784.156616,125540.781,2000,-3129195.25,-5.18E+09,3.32E-07,-1801039.75,655525.25,0,-4947251,1800653.25,0,1.24964643,0.683373511,0.217928544,1219943,0,0,5329.01709,0.047486447,0.486933142,0.326613665,2.55E-17,0.15387319,7.87E-10,0.032579958
0.252361834,0.810316145,0,125542.414,2000,0,0,0,0.255235642,0,0,784.13031,125542.414,2000,-3130048.25,-5.19E+09,3.32E-07,-1803170.75,656300.812,0,-4953198,1802817.62,0,1.24962294,0.683376372,0.217171445,1221129.25,0,0,5334.04004,0.04715709,0.487169385,0.326463282,2.59E-17,0.153746888,7.99E-10,0.0326204
0.25399062,0.814791143,0,125536.25,2000,0,0,0,0.255233765,0,0,784.1073,125536.25,2000,-3130797.5,-5.20E+09,3.32E-07,-1805269,657064.5,0,-4958966,1804917.12,0,1.24960184,0.683379054,0.216397256,1222223.88,0,0,5338.66748,0.046821479,0.487392485,0.326321274,2.62E-17,0.153624073,8.11E-10,0.032662142
0.255619377,0.8192662,0,125523.555,2000,0,0,0,0.255217314,0,0,784.086853,125523.555,2000,-3131464,-5.21E+09,3.32E-07,-1807214.62,657772.625,0,-4964370,1806883.75,0,1.24958265,0.683381557,0.215603068,1223233.12,0,0,5342.92627,0.046478443,0.487604886,0.326186031,2.66E-17,0.153504193,8.23E-10,0.032704838
0.257248163,0.823741198,0,125507.391,2000,0,0,0,0.255192816,0,0,784.068359,125507.391,2000,-3132068.5,-5.22E+09,3.32E-07,-1808869,658374.688,0,-4968979,1808561.25,0,1.24956489,0.683384001,0.214782774,1224221.75,0,0,5347.09766,0.046125446,0.487809956,0.326055497,2.71E-17,0.153385982,8.37E-10,0.032748517
0.25887692,0.828216195,0,125492.336,2000,0,0,0,0.255169928,0,0,784.051147,125492.336,2000,-3132632.5,-5.23E+09,3.32E-07,-1810196.75,658857.938,0,-4972686.5,1809910.38,0,1.24954796,0.683386266,0.213938519,1225252.25,0,0,5351.45264,0.045763537,0.488011152,0.325927436,2.75E-17,0.153268203,8.51E-10,0.032793183
0.260505676,0.832691193,0,125483.016,2000,0,0,0,0.255158573,0,0,784.034119,125483.016,2000,-3133191,-5.24E+09,3.32E-07,-1811274.88,659250.312,0,-4975760.5,1811029.25,0,1.24953115,0.683388531,0.213080496,1226374.62,0,0,5356.2085,0.045397174,0.488212436,0.325799286,2.80E-17,0.153149977,8.66E-10,0.032838255
0.262134463,0.83716619,0,125481.438,2000,0,0,0,0.255163491,0,0,784.016113,125481.438,2000,-3133781.25,-5.26E+09,3.32E-07,-1812457.38,659680.75,0,-4979038,1812222.38,0,1.24951363,0.683390856,0.212229043,1227613.88,0,0,5361.47217,0.045035064,0.488418341,0.325668186,2.86E-17,0.153030246,8.82E-10,0.032883164
0.263763219,0.841641188,0,125486.109,2000,0,0,0,0.255181968,0,0,783.996338,125486.109,2000,-3134427.5,-5.27E+09,3.32E-07,-1813895.75,660204.312,0,-4982933,1813640.12,0,1.24949479,0.68339324,0.211391911,1228953.75,0,0,5367.17139,0.044680458,0.488632083,0.325532138,2.91E-17,0.152908072,8.97E-10,0.032927662
0.265392005,0.846116245,0,125494.125,2000,0,0,0,0.255208135,0,0,783.974731,125494.125,2000,-3135131.75,-5.28E+09,3.32E-07,-1815598.12,660824,0,-4987640,1815353.5,0,1.24947453,0.683395743,0.210570261,1230350,0,0,5373.1123,0.044333771,0.48885408,0.325390816,2.96E-17,0.15278326,9.12E-10,0.032971796
0.267020762,0.850591242,0,125501.898,2000,0,0,0,0.25523448,0,0,783.951904,125501.898,2000,-3135876,-5.29E+09,3.32E-07,-1817775.38,661616.5,0,-4993777.5,1817587.5,0,1.24945343,0.683398306,0.209773809,1231763.62,0,0,5379.12598,0.043998994,0.489082217,0.325245589,3.01E-17,0.152656287,9.28E-10,0.033015858
0.268649548,0.85506624,0,125504.859,2000,0,0,0,0.255251199,0,0,783.928711,125504.859,2000,-3136632.75,-5.31E+09,3.32E-07,-1820341.25,662550.5,0,-5000957,1820200.62,0,1.24943197,0.683400929,0.208990529,1233144.5,0,0,5384.99414,0.043671008,0.489313364,0.325098455,3.06E-17,0.152527824,9.43E-10,0.033060327
0.270278305,0.859541237,0,125501.055,2000,0,0,0,0.255254,0,0,783.905701,125501.055,2000,-3137381.75,-5.32E+09,3.32E-07,-1823103,663555.688,0,-5008545.5,1822962.88,0,1.24941063,0.683403611,0.208205655,1234457.62,0,0,5390.56445,0.043343592,0.489545584,0.324950606,3.11E-17,0.152398035,9.58E-10,0.033105727
0.271907091,0.864016235,0,125490.766,2000,0,0,0,0.25524348,0,0,783.883057,125490.766,2000,-3138120.25,-5.33E+09,3.32E-07,-1825866.62,664561.5,0,-5016159.5,1825734,0,1.24938941,0.683406234,0.2074112,1235692.62,0,0,5395.79199,0.043013446,0.489778787,0.32480216,3.16E-17,0.152266845,9.75E-10,0.033152174
0.273535848,0.868491232,0,125474.883,2000,0,0,0,0.255221575,0,0,783.860352,125474.883,2000,-3138861,-5.34E+09,3.32E-07,-1828396.25,665482.188,0,-5023152,1828278.88,0,1.24936819,0.683408916,0.206594855,1236848.12,0,0,5400.67041,0.042675532,0.490014166,0.324652314,3.22E-17,0.152134135,9.91E-10,0.033199344
0.275164604,0.87296629,0,125456.562,2000,0,0,0,0.255195111,0,0,783.836792,125456.562,2000,-3139628.5,-5.36E+09,3.32E-07,-1830583.25,666278.125,0,-5029179,1830472.25,0,1.24934626,0.683411717,0.205752879,1237964.75,0,0,5405.37549,0.042328399,0.490254581,0.324499279,3.27E-17,0.15199925,1.01E-09,0.033246853
0.276793391,0.877441287,0,125440.102,2000,0,0,0,0.255173385,0,0,783.811279,125440.102,2000,-3140457.75,-5.37E+09,3.32E-07,-1832312.88,666907.562,0,-5033932,1832202,0,1.24932289,0.683414578,0.204883158,1239089.62,0,0,5410.1123,0.041971311,0.490504295,0.324340314,3.33E-17,0.151861206,1.03E-09,0.03329416
0.278422147,0.881916285,0,125430.5,2000,0,0,0,0.255167127,0,0,783.782837,125430.5,2000,-3141381.75,-5.38E+09,3.32E-07,-1833629.25,667386.625,0,-5037581.5,1833530.25,0,1.24929726,0.683417678,0.203993797,1240288.38,0,0,5415.16455,0.041607723,0.490766823,0.324173182,3.39E-17,0.151719347,1.05E-09,0.033340607
0.280050933,0.886391282,0,125429.734,2000,0,0,0,0.255180418,0,0,783.751221,125429.734,2000,-3142407.25,-5.39E+09,3.32E-07,-1834963.75,667872.375,0,-5041196.5,1834846.12,0,1.24926937,0.683421016,0.203108668,1241599.25,0,0,5420.70117,0.041247424,0.491042167,0.323997885,3.46E-17,0.15157409,1.06E-09,0.033385795
0.28167969,0.89086628,0,125435.5,2000,0,0,0,0.255208135,0,0,783.717285,125435.5,2000,-3143504.75,-5.40E+09,3.32E-07,-1836568.62,668456.562,0,-5045485.5,1836407.38,0,1.24923992,0.683424413,0.20223999,1243014.38,0,0,5426.68896,0.040895339,0.491326421,0.323816955,3.52E-17,0.151426628,1.08E-09,0.033429969
0.283308476,0.895341277,0,125445.188,2000,0,0,0,0.255244255,0,0,783.682617,125445.188,2000,-3144627.75,-5.42E+09,3.32E-07,-1838415.38,669128.812,0,-5050512.5,1838237.25,0,1.24920976,0.68342787,0.201386184,1244506.25,0,0,5433.01025,0.040550757,0.491613477,0.323634207,3.58E-17,0.151278585,1.10E-09,0.033473678
0.284937233,0.899816334,0,125455.828,2000,0,0,0,0.255282044,0,0,783.64856,125455.828,2000,-3145732.5,-5.43E+09,3.32E-07,-1840625.88,669933.438,0,-5056582,1840446.38,0,1.2491802,0.683431268,0.200550646,1246030.12,0,0,5439.47217,0.04021496,0.49189797,0.323453099,3.65E-17,0.151131392,1.12E-09,0.033517499
0.286565989,0.904291332,0,125463.062,2000,0,0,0,0.255312204,0,0,783.615784,125463.062,2000,-3146794.5,-5.45E+09,3.32E-07,-1843234.62,670883,0,-5063828,1843084,0,1.24915147,0.683434606,0.19973217,1247531,0,0,5445.83447,0.039887376,0.492177516,0.323275149,3.72E-17,0.150985241,1.14E-09,0.033562053
0.288194776,0.908766329,0,125463.82,2000,0,0,0,0.255328447,0,0,783.584412,125463.82,2000,-3147811.25,-5.46E+09,3.32E-07,-1846025.88,671898.875,0,-5071530,1845887.12,0,1.24912381,0.683437884,0.198914289,1248961.5,0,0,5451.89111,0.039561376,0.492452741,0.323099941,3.80E-17,0.150839552,1.16E-09,0.033607721
0.289823532,0.913241327,0,125458.016,2000,0,0,0,0.255330771,0,0,783.55426,125458.016,2000,-3148791,-5.47E+09,3.32E-07,-1848797.25,672907.562,0,-5079103.5,1848643.75,0,1.24909687,0.683441103,0.198085725,1250299.25,0,0,5457.54199,0.039232492,0.492724925,0.32292667,3.87E-17,0.150693864,1.19E-09,0.033654504
0.291452318,0.917716324,0,125446.734,2000,0,0,0,0.255321562,0,0,783.52478,125446.734,2000,-3149747.25,-5.49E+09,3.32E-07,-1851445,673871.25,0,-5086372,1851289,0,1.24907041,0.683444321,0.197244033,1251546.25,0,0,5462.79736,0.038899798,0.49299562,0.322754353,3.96E-17,0.150547788,1.21E-09,0.033702191
0.293081075,0.922191322,0,125432.055,2000,0,0,0,0.25530538,0,0,783.495422,125432.055,2000,-3150701.25,-5.50E+09,3.32E-07,-1853814.12,674733.5,0,-5092874,1853655.5,0,1.24904406,0.68344754,0.196382433,1252731,0,0,5467.77881,0.038560711,0.493267477,0.322581291,4.04E-17,0.150400713,1.23E-09,0.033750475
0.294709861,0.926666379,0,125417.492,2000,0,0,0,0.255289823,0,0,783.46521,125417.492,2000,-3151681,-5.51E+09,3.32E-07,-1855787.38,675451.625,0,-5098285,1855624.75,0,1.249017,0.683450818,0.195498064,1253888.25,0,0,5472.6377,0.038214199,0.493543565,0.322405517,4.13E-17,0.150252029,1.26E-09,0.033798832
0.296338618,0.931141376,0,125407.281,2000,0,0,0,0.255283862,0,0,783.433594,125407.281,2000,-3152707.75,-5.52E+09,3.32E-07,-1857320.5,676009.562,0,-5102547,1857175.88,0,1.24898899,0.683454156,0.194593549,1255077.5,0,0,5477.63281,0.037861407,0.493825883,0.322225809,4.21E-17,0.150101557,1.28E-09,0.033846699
0.297967374,0.935616374,0,125404.383,2000,0,0,0,0.255293578,0,0,783.400452,125404.383,2000,-3153781.75,-5.53E+09,3.32E-07,-1858804.38,676549.688,0,-5106617.5,1858657.38,0,1.24895978,0.683457613,0.193690076,1256355.88,0,0,5483.01514,0.037510645,0.494113296,0.322042853,4.30E-17,0.149950191,1.31E-09,0.033893626
0.299596161,0.940091372,0,125407.594,2000,0,0,0,0.255316019,0,0,783.366699,125407.594,2000,-3154876,-5.55E+09,3.32E-07,-1860491.25,677163.688,0,-5111153.5,1860308.5,0,1.24893022,0.68346113,0.192799166,1257731.12,0,0,5488.81982,0.037166353,0.494401902,0.321859121,4.38E-17,0.149799168,1.33E-09,0.03393976
0.301224917,0.944566369,0,125414.703,2000,0,0,0,0.255346328,0,0,783.33313,125414.703,2000,-3155963.75,-5.56E+09,3.32E-07,-1862303.62,677823.375,0,-5116094,1862106.75,0,1.24890089,0.683464587,0.191917449,1259179.75,0,0,5494.94531,0.036827169,0.494689077,0.321676314,4.47E-17,0.14964886,1.36E-09,0.033985708
0.302853703,0.949041367,0,125423.805,2000,0,0,0,0.255380571,0,0,783.299805,125423.805,2000,-3157045,-5.58E+09,3.32E-07,-1864417.62,678592.875,0,-5.12E+06,1864229.75,0,1.24887168,0.683467984,0.191052541,1260677.5,0,0,5501.28564,0.036495965,0.494974941,0.321494311,4.55E-17,0.149499103,1.38E-09,0.034031574
0.30448246,0.953516424,0,125430.781,2000,0,0,0,0.255410463,0,0,783.266541,125430.781,2000,-3158123.5,-5.59E+09,3.31E-07,-1866945.25,679512.875,0,-5128993,1866802,0,1.24884248,0.683471441,0.190207511,1262184.75,0,0,5507.6665,0.036173821,0.495260864,0.321312308,4.64E-17,0.149349168,1.41E-09,0.034077615
0.306111246,0.957991421,0,125432.117,2000,0,0,0,0.255428672,0,0,783.233643,125432.117,2000,-3159192,-5.61E+09,3.31E-07,-1869721.12,680523.25,0,-5136691,1869603.75,0,1.24881351,0.683474839,0.189368635,1263648.38,0,0,5513.85547,0.035855442,0.495547235,0.321130008,4.74E-17,0.149198234,1.43E-09,0.034124475
0.307740003,0.962466419,0,125427.516,2000,0,0,0,0.255434602,0,0,783.201111,125427.516,2000,-3160247.5,-5.62E+09,3.31E-07,-1872557.5,681555.625,0,-5144472.5,1872436.12,0,1.24878478,0.683478236,0.188525781,1265036.62,0,0,5519.71387,0.035536971,0.495833963,0.320947468,4.85E-17,0.149046212,1.46E-09,0.034172293
0.309368789,0.966941416,0,125417.477,2000,0,0,0,0.255429506,0,0,783.168396,125417.477,2000,-3161307.75,-5.63E+09,3.31E-07,-1875331.38,682565.188,0,-5.15E+06,1875223.38,0,1.24875581,0.683481634,0.187675536,1266333.5,0,0,5525.17139,0.035217151,0.496123195,0.320763379,4.97E-17,0.148892581,1.50E-09,0.034220818
0.310997546,0.971416414,0,125402.82,2000,0,0,0,0.255415618,0,0,783.13446,125402.82,2000,-3162407.5,-5.65E+09,3.32E-07,-1877868.25,683488.5,0,-5159143,1877775.5,0,1.24872601,0.68348521,0.186809599,1267532.75,0,0,5530.19824,0.034892924,0.496419221,0.320574909,5.08E-17,0.148736253,1.53E-09,0.034269564
0.312626302,0.975891411,0,125385.961,2000,0,0,0,0.255398273,0,0,783.098511,125385.961,2000,-3163572.5,-5.66E+09,3.32E-07,-1880045.25,684280.75,0,-5165159,1879965,0,1.24869466,0.683488905,0.185924053,1268651.12,0,0,5534.86768,0.034562904,0.496724814,0.32038036,5.20E-17,0.148576766,1.56E-09,0.034318
0.314255089,0.980366468,0,125370.312,2000,0,0,0,0.255384237,0,0,783.060913,125370.312,2000,-3164789.25,-5.67E+09,3.32E-07,-1881806.38,684921.75,0,-5170025.5,1881736,0,1.24866211,0.68349278,0.185019106,1269733.62,0,0,5539.37842,0.034227267,0.497036159,0.320182174,5.31E-17,0.148416147,1.59E-09,0.034365472
0.315883845,0.984841466,0,125360.281,2000,0,0,0,0.255381733,0,0,783.023071,125360.281,2000,-3166014,-5.68E+09,3.32E-07,-1883223.12,685437.312,0,-5173981,1883175.62,0,1.24862945,0.683496654,0.184102356,1270890.88,0,0,5544.21484,0.033888917,0.497347146,0.319984198,5.42E-17,0.148256302,1.62E-09,0.034412306
0.317512631,0.989316463,0,125358.164,2000,0,0,0,0.255395293,0,0,782.985352,125358.164,2000,-3167234.5,-5.70E+09,3.32E-07,-1884737.62,685988.625,0,-5178120.5,1884682.38,0,1.24859691,0.683500469,0.183195367,1272198.62,0,0,5549.7085,0.033555817,0.49765715,0.319786876,5.52E-17,0.148096934,1.65E-09,0.034459014
0.319141388,0.993791461,0,125361.773,2000,0,0,0,0.255420953,0,0,782.946838,125361.773,2000,-3168481,-5.71E+09,3.32E-07,-1886602.38,686667.375,0,-5183139.5,1886509.25,0,1.24856377,0.683504283,0.182309002,1273637.88,0,0,5555.77441,0.033231873,0.497970283,0.319587529,5.62E-17,0.147936836,1.67E-09,0.034505319
0.320770174,0.998266459,0,125368.672,2000,0,0,0,0.255454183,0,0,782.906616,125368.672,2000,-3169783,-5.72E+09,3.32E-07,-1888752.38,687449.938,0,-5188998,1888641.75,0,1.24852931,0.683508158,0.181440488,1275177.88,0,0,5562.2749,0.03291598,0.498291045,0.319383323,5.72E-17,0.147774383,1.70E-09,0.034551192
0.322398931,1.00274146,0,125377.469,2000,0,0,0,0.2554923,0,0,782.86438,125377.469,2000,-3171149,-5.74E+09,3.31E-07,-1891275,688368.188,0,-5195904,1891155.5,0,1.24849343,0.683512151,0.180592418,1276789.38,0,0,5569.08252,0.032608979,0.498621434,0.319173008,5.84E-17,0.147608653,1.73E-09,0.034596864
0.324027687,1.00721645,0,125385.383,2000,0,0,0,0.255529344,0,0,782.820618,125385.383,2000,-3172562.75,-5.75E+09,3.31E-07,-1894223.12,689441.312,0,-5204074,1894129.38,0,1.24845636,0.683516204,0.179766148,1278432.75,0,0,5576.02344,0.032311253,0.498960018,0.318957448,5.98E-17,0.147439674,1.77E-09,0.034642793
0.325656474,1.01169145,0,125388.648,2000,0,0,0,0.25555703,0,0,782.776611,125388.648,2000,-3173985.25,-5.77E+09,3.31E-07,-1897376.5,690589,0,-5212807.5,1897307.88,0,1.24841905,0.683520257,0.178946719,1280029.38,0,0,5582.75732,0.032017354,0.499302059,0.318739742,6.13E-17,0.147268638,1.81E-09,0.034689535
0.32728523,1.01616645,0,125386.617,2000,0,0,0,0.255573303,0,0,782.733887,125386.617,2000,-3175367.25,-5.78E+09,3.31E-07,-1900567,691750.25,0,-5221502,1900472.62,0,1.24838269,0.683524251,0.178123519,1281542.12,0,0,5589.12598,0.031723451,0.499640673,0.318524182,6.29E-17,0.147097647,1.85E-09,0.034737475
0.328914016,1.02064145,0,125380.141,2000,0,0,0,0.255579352,0,0,782.693359,125380.141,2000,-3176678.75,-5.80E+09,3.31E-07,-1903719.12,692897.5,0,-5230088.5,1903597.75,0,1.24834776,0.683528125,0.17729573,1282974.88,0,0,5595.14746,0.031429287,0.499971449,0.318313599,6.45E-17,0.146928161,1.89E-09,0.034786746
0.330542773,1.02511644,0,125369.141,2000,0,0,0,0.25557521,0,0,782.654846,125369.141,2000,-3177927.25,-5.81E+09,3.31E-07,-1906625,693955.125,0,-5238058,1906498.25,0,1.24831426,0.68353188,0.176454917,1284317.38,0,0,5600.77783,0.031131905,0.500295281,0.318107426,6.62E-17,0.146760002,1.94E-09,0.034837209
0.332171559,1.02959144,0,125355.008,2000,0,0,0,0.255564243,0,0,782.617126,125355.008,2000,-3179149.5,-5.82E+09,3.31E-07,-1909194.38,694890.25,0,-5245106,1909063.38,0,1.24828148,0.683535576,0.175597697,1285574,0,0,5606.03418,0.030830169,0.500616133,0.317903191,6.78E-17,0.146592513,1.98E-09,0.034888115
0.333800316,1.03406656,0,125340.289,2000,0,0,0,0.255551875,0,0,782.579773,125340.289,2000,-3180360.25,-5.84E+09,3.31E-07,-1911385.38,695687.625,0,-5251113,1911249.62,0,1.24824882,0.683539271,0.1747244,1286806.62,0,0,5611.18555,0.030524287,0.500936031,0.317699552,6.95E-17,0.146424994,2.02E-09,0.034939379
0.335429072,1.03854156,0,125329.211,2000,0,0,0,0.255546927,0,0,782.542419,125329.211,2000,-3181570.5,-5.85E+09,3.31E-07,-1913189.5,696344.25,0,-5256123,1913073,0,1.24821615,0.683542907,0.173839077,1288113.75,0,0,5616.66016,0.030215742,0.501257241,0.317495048,7.12E-17,0.146256432,2.06E-09,0.034991201
0.337057859,1.04301655,0,125325.438,2000,0,0,0,0.255558074,0,0,782.502747,125325.438,2000,-3182856.75,-5.87E+09,3.31E-07,-1915010.62,697007.125,0,-5261141.5,1914899.62,0,1.2481817,0.683546662,0.172961831,1289536.88,0,0,5622.63477,0.029911539,0.501588762,0.317284018,7.28E-17,0.1460848,2.10E-09,0.035042357
0.338686615,1.04749155,0,125327.344,2000,0,0,0,0.255583256,0,0,782.458191,125327.344,2000,-3184297.75,-5.88E+09,3.31E-07,-1917132,697779.25,0,-5266877,1916987.38,0,1.24814391,0.683550775,0.172103763,1291023.38,0,0,5628.87842,0.029615475,0.501938522,0.317061365,7.43E-17,0.145909041,2.14E-09,0.035091009
0.340315402,1.05196655,0,125332.664,2000,0,0,0,0.255617261,0,0,782.409973,125332.664,2000,-3185854.5,-5.90E+09,3.31E-07,-1919500.5,698641.375,0,-5273316.5,1919331.12,0,1.24810338,0.683555126,0.171262503,1292589.88,0,0,5635.46484,0.02932664,0.502301991,0.316829979,7.61E-17,0.145730108,2.19E-09,0.035137855
0.341944158,1.05644155,0,125341.172,2000,0,0,0,0.255658031,0,0,782.361206,125341.172,2000,-3187430.5,-5.91E+09,3.31E-07,-1922207.38,699626.625,0,-5280720,1922026,0,1.24806237,0.683559358,0.170441478,1294299.25,0,0,5642.66699,0.029046115,0.502672791,0.316593945,7.82E-17,0.145546824,2.24E-09,0.035186395
0.343572944,1.06091654,0,125350.727,2000,0,0,0,0.255700856,0,0,782.312561,125350.727,2000,-3189003.5,-5.93E+09,3.31E-07,-1925267.12,700740.312,0,-5289121,1925083.75,0,1.24802136,0.68356359,0.169639558,1296066,0,0,5650.11719,0.02877342,0.503046155,0.316356272,8.03E-17,0.145361364,2.29E-09,0.035236161
0.345201701,1.06539154,0,125358.172,2000,0,0,0,0.255739689,0,0,782.263367,125358.172,2000,-3190594,-5.94E+09,3.31E-07,-1928556.38,701937.562,0,-5298253,1928407.62,0,1.24798,0.683567882,0.168850273,1297770.75,0,0,5657.29688,0.028506283,0.503419518,0.316118568,8.23E-17,0.145177022,2.34E-09,0.035284817
0.346830487,1.06986654,0,125360.625,2000,0,0,0,0.255769014,0,0,782.21283,125360.625,2000,-3192226.5,-5.96E+09,3.31E-07,-1931817.25,703124.375,0,-5307272.5,1931690.38,0,1.24793768,0.683572233,0.168058664,1299371,0,0,5664.01807,0.028239626,0.503798246,0.315877467,8.42E-17,0.144991219,2.38E-09,0.035332982
0.348459244,1.07434154,0,125357.773,2000,0,0,0,0.255788594,0,0,782.160095,125357.773,2000,-3193927.5,-5.97E+09,3.31E-07,-1934947.88,704263.812,0,-5315820,1934801.5,0,1.24789369,0.683576822,0.167259455,1300840.25,0,0,5670.16113,0.027971676,0.504188657,0.315628946,8.62E-17,0.144800872,2.43E-09,0.035381466
0.350088,1.07881653,0,125350.008,2000,0,0,0,0.255798519,0,0,782.106628,125350.008,2000,-3195653.5,-5.99E+09,3.31E-07,-1937976.12,705366,0,-5324113,1937819.75,0,1.24784911,0.683581471,0.166456148,1302221.25,0,0,5675.91357,0.027703639,0.504585922,0.315376073,8.86E-17,0.144606844,2.49E-09,0.035431117
0.351716787,1.08329153,0,125337.438,2000,0,0,0,0.255797327,0,0,782.055969,125337.438,2000,-3197287.25,-6.01E+09,3.31E-07,-1940647.12,706338.062,0,-5331453,1940491,0,1.24780715,0.683586121,0.165637821,1303347.5,0,0,5680.57861,0.027431933,0.50495249,0.315142721,9.12E-17,0.144430414,2.55E-09,0.035474349
0.353345543,1.08776665,0,125321.836,2000,0,0,0,0.255787075,0,0,782.01123,125321.836,2000,-3198730.5,-6.01E+09,3.31E-07,-1942930.88,707169.25,0,-5337719,1942771.62,0,1.24776995,0.683590531,0.164803863,1304330.12,0,0,5684.6416,0.027156407,0.505280495,0.314933896,9.36E-17,0.144271314,2.60E-09,0.035514224
0.354974329,1.09224164,0,125306.242,2000,0,0,0,0.25577423,0,0,781.971558,125306.242,2000,-3200015.25,-6.02E+09,3.31E-07,-1944856.5,707870.062,0,-5342995.5,1944692,0,1.2477361,0.683594465,0.163958013,1305420.88,0,0,5689.17578,0.026878372,0.505597889,0.314731866,9.59E-17,0.144110397,2.66E-09,0.035559818
0.356603086,1.09671664,0,125294.977,2000,0,0,0,0.25576961,0,0,781.932983,125294.977,2000,-3201262.5,-6.04E+09,3.31E-07,-1946277.25,708387.125,0,-5346960,1946134.75,0,1.24770296,0.68359822,0.163099125,1306556.5,0,0,5693.9043,0.026597517,0.505913854,0.3145307,9.82E-17,0.143948153,2.71E-09,0.035607219
0.358231872,1.10119164,0,125291.273,2000,0,0,0,0.255781233,0,0,781.892822,125291.273,2000,-3202563.25,-6.05E+09,3.31E-07,-1947688,708900.625,0,-5350861,1947554.62,0,1.24766862,0.683602035,0.162249431,1307801.5,0,0,5699.10498,0.026321093,0.50623697,0.314325005,1.01E-16,0.143783852,2.76E-09,0.035654094
0.359860629,1.10566664,0,125293.469,2000,0,0,0,0.255806625,0,0,781.849243,125293.469,2000,-3203972.25,-6.06E+09,3.31E-07,-1949402.12,709524.562,0,-5355473.5,1949233.5,0,1.24763179,0.683606029,0.161420003,1309154.5,0,0,5704.77002,0.026052661,0.506573856,0.314110577,1.03E-16,0.143615901,2.82E-09,0.035699636
0.361489385,1.11014163,0,125299.211,2000,0,0,0,0.255841166,0,0,781.801941,125299.211,2000,-3205500,-6.08E+09,3.31E-07,-1951312.62,710220,0,-5360644.5,1951115.62,0,1.24759233,0.68361032,0.160606787,1310573,0,0,5710.71338,0.025790809,0.506925702,0.313886583,1.06E-16,0.143444002,2.88E-09,0.035743672
0.363118172,1.11461663,0,125307.898,2000,0,0,0,0.255883038,0,0,781.752075,125307.898,2000,-3207110.5,-6.09E+09,3.31E-07,-1953520.88,711023.75,0,-5366670,1953309,0,1.24755096,0.683614731,0.159813613,1312051.75,0,0,5716.91406,0.025536683,0.507287741,0.313656121,1.08E-16,0.143269554,2.93E-09,0.035786554
0.364746928,1.11909163,0,125317.695,2000,0,0,0,0.255927682,0,0,781.701233,125317.695,2000,-3208752.5,-6.11E+09,3.31E-07,-1956157.62,711983.5,0,-5373895,1955938.75,0,1.247509,0.683619142,0.159044102,1313583.88,0,0,5723.3457,0.025291339,0.507653773,0.313423067,1.11E-16,0.143094003,2.99E-09,0.035829071
0.366375715,1.12356663,0,125324.883,2000,0,0,0,0.255966842,0,0,781.650574,125324.883,2000,-3210385.75,-6.12E+09,3.31E-07,-1959147.25,713071.625,0,-5382169,1958950.38,0,1.24746704,0.683623552,0.158293247,1315112.62,0,0,5729.76123,0.025053095,0.508019507,0.313190252,1.14E-16,0.142918169,3.05E-09,0.035871994
0.368004471,1.12804163,0,125326.633,2000,0,0,0,0.25599432,0,0,781.601196,125326.633,2000,-3211981.25,-6.14E+09,3.31E-07,-1962250.62,714201.188,0,-5390702.5,1962056.25,0,1.24742603,0.683627903,0.157547787,1316575.5,0,0,5735.89014,0.024817681,0.508381486,0.31295985,1.16E-16,0.142742842,3.11E-09,0.035915785
0.369633257,1.13251662,0,125323.359,2000,0,0,0,0.256010622,0,0,781.553589,125323.359,2000,-3213519,-6.15E+09,3.31E-07,-1965416.75,715353.562,0,-5399316.5,1965191.62,0,1.24738634,0.683632076,0.15680553,1317978.25,0,0,5741.75928,0.024584383,0.508737147,0.312733442,1.19E-16,0.142568663,3.18E-09,0.035960712
0.371262014,1.13699162,0,125315.164,2000,0,0,0,0.256015837,0,0,781.507935,125315.164,2000,-3214993.5,-6.17E+09,3.31E-07,-1968604.62,716513.875,0,-5408035.5,1968365.12,0,1.24734795,0.683636129,0.15606685,1319326.88,0,0,5747.39453,0.024353303,0.509085953,0.312511355,1.22E-16,0.142395705,3.24E-09,0.036006894
0.37289077,1.14146662,0,125301.617,2000,0,0,0,0.2560094,0,0,781.463745,125301.617,2000,-3216423.75,-6.18E+09,3.31E-07,-1971645,717620.438,0,-5416369.5,1971398.25,0,1.24731052,0.683640003,0.155324787,1320590.25,0,0,5752.65918,0.024122272,0.509430408,0.312292099,1.25E-16,0.142223299,3.31E-09,0.036054131
0.374519557,1.14594173,0,125283.602,2000,0,0,0,0.255993783,0,0,781.419556,125283.602,2000,-3217851.25,-6.19E+09,3.31E-07,-1974370.38,718612.375,0,-5423844,1974118.5,0,1.24727321,0.683643937,0.154573709,1321744,0,0,5757.44482,0.023889555,0.509775519,0.312072396,1.29E-16,0.142050207,3.37E-09,0.036101796
0.376148313,1.15041673,0,125263.234,2000,0,0,0,0.255974054,0,0,781.374023,125263.234,2000,-3219322,-6.20E+09,3.31E-07,-1976633.88,719436.125,0,-5430054.5,1976378.88,0,1.24723494,0.68364799,0.15380989,1322790.5,0,0,5761.76025,0.023654047,0.510126293,0.311849087,1.32E-16,0.141875535,3.44E-09,0.036149003
0.3777771,1.15489173,0,125243.828,2000,0,0,0,0.255957335,0,0,781.326538,125243.828,2000,-3220856.75,-6.22E+09,3.31E-07,-1978419,720085.812,0,-5434948,1978159.88,0,1.24719512,0.683652222,0.153035223,1323774.25,0,0,5765.7998,0.023416387,0.510484219,0.311621249,1.35E-16,0.141699448,3.51E-09,0.036195017
0.379405856,1.15936673,0,125228.57,2000,0,0,0,0.255949914,0,0,781.277405,125228.57,2000,-3222443,-6.23E+09,3.31E-07,-1979855.62,720608.625,0,-5438892,1979595.25,0,1.24715436,0.683656514,0.152257249,1324762.62,0,0,5769.85791,0.023178909,0.510846317,0.311390758,1.39E-16,0.141523451,3.58E-09,0.036239434
0.381034642,1.16384172,0,125220.203,2000,0,0,0,0.255956918,0,0,781.227539,125220.203,2000,-3224050.75,-6.24E+09,3.31E-07,-1981187.88,721093.562,0,-5442613.5,1980949.75,0,1.24711311,0.683660865,0.151487857,1325839.62,0,0,5774.3042,0.022945233,0.511207759,0.311160654,1.42E-16,0.141349256,3.65E-09,0.036282267
0.382663399,1.16831672,0,125218.5,2000,0,0,0,0.25597772,0,0,781.177551,125218.5,2000,-3225665.25,-6.25E+09,3.31E-07,-1982805.5,721682.375,0,-5447033,1982558.5,0,1.24707186,0.683665156,0.150739998,1327035.38,0,0,5779.26953,0.022719231,0.511567175,0.310931861,1.46E-16,0.141177043,3.72E-09,0.036323864
0.384292185,1.17279172,0,125219.992,2000,0,0,0,0.256005347,0,0,781.126892,125219.992,2000,-3227298.25,-6.27E+09,3.31E-07,-1984809.25,722411.75,0,-5452429.5,1984522.75,0,1.24703026,0.683669508,0.150015444,1328306.12,0,0,5784.56104,0.022501335,0.511927128,0.310702711,1.49E-16,0.141005591,3.79E-09,0.036364507
0.385920942,1.17726672,0,125221.883,2000,0,0,0,0.256034225,0,0,781.075439,125221.883,2000,-3228958,-6.28E+09,3.31E-07,-1987048.12,723226.625,0,-5458604,1986770.12,0,1.24698806,0.683673859,0.149309427,1329608.38,0,0,5789.98926,0.022290027,0.512289345,0.310472131,1.53E-16,0.140834123,3.86E-09,0.036404349
0.387549698,1.18174171,0,125222.422,2000,0,0,0,0.256060421,0,0,781.023926,125222.422,2000,-3230620.75,-6.29E+09,3.31E-07,-1989535.5,724132,0,-5465448.5,1989261.5,0,1.24694586,0.68367821,0.148619577,1330911.88,0,0,5795.42334,0.022084529,0.512651026,0.310241878,1.57E-16,0.140663207,3.94E-09,0.036443818
0.389178485,1.18621671,0,125220.391,2000,0,0,0,0.256080776,0,0,780.97345,125220.391,2000,-3232247.5,-6.30E+09,3.31E-07,-1992309.62,725141.75,0,-5472986,1992004.88,0,1.24690449,0.683682501,0.147945538,1332214.75,0,0,5800.85596,0.02188465,0.513008058,0.310014576,1.61E-16,0.140493602,4.01E-09,0.036483679
0.390807241,1.19069171,0,125214.25,2000,0,0,0,0.256091923,0,0,780.924622,125214.25,2000,-3233823.25,-6.32E+09,3.31E-07,-1995321.38,726237.938,0,-5481197,1994993.5,0,1.2468642,0.683686614,0.147285894,1333505.62,0,0,5806.23828,0.021689929,0.513359487,0.309790879,1.65E-16,0.140325055,4.09E-09,0.036524512
0.392436028,1.19516671,0,125202.016,2000,0,0,0,0.256090075,0,0,780.876892,125202.016,2000,-3235365,-6.33E+09,3.31E-07,-1998460.62,727380.5,0,-5489788.5,1998120.5,0,1.24682474,0.683690608,0.146635756,1334742.25,0,0,5811.38428,0.021498866,0.513708293,0.309568822,1.69E-16,0.140156344,4.17E-09,0.036566462
0.394064784,1.19964182,0,125182.438,2000,0,0,0,0.256073087,0,0,780.829224,125182.438,2000,-3236902.5,-6.34E+09,3.31E-07,-2001585.88,728518,0,-5498349.5,2001236.5,0,1.24678516,0.683694541,0.145989269,1335880.5,0,0,5816.09961,0.021309717,0.514058769,0.309345722,1.73E-16,0.139986113,4.25E-09,0.036609341
0.39569357,1.20411682,0,125155.32,2000,0,0,0,0.256040961,0,0,780.781006,125155.32,2000,-3238458.75,-6.35E+09,3.31E-07,-2004540,729593.188,0,-5506444,2004182.62,0,1.24674523,0.683698595,0.145340964,1336889.75,0,0,5820.25,0.021120878,0.514413774,0.309119731,1.77E-16,0.139813617,4.33E-09,0.03665283
0.397322327,1.20859182,0,125121.578,2000,0,0,0,0.25599578,0,0,780.73175,125121.578,2000,-3240048.75,-6.36E+09,3.31E-07,-2007190.25,730557.75,0,-5513704.5,2006825.12,0,1.24670446,0.683702648,0.144686982,1337760,0,0,5823.79102,0.020931242,0.514774561,0.308890074,1.82E-16,0.139638796,4.41E-09,0.036696523
0.398951083,1.21306682,0,125082.961,2000,0,0,0,0.255941302,0,0,780.681152,125082.961,2000,-3241679.5,-6.37E+09,3.31E-07,-2009458.38,731383.25,0,-5519913,2009084.62,0,1.24666274,0.68370682,0.144025996,1338500.38,0,0,5826.76318,0.020740442,0.515141189,0.308656693,1.86E-16,0.139462143,4.49E-09,0.036739957
0.40057987,1.21754181,0,125041.641,2000,0,0,0,0.255881935,0,0,780.629272,125041.641,2000,-3243351,-6.38E+09,3.32E-07,-2011335.62,732066.5,0,-5525048,2010953.62,0,1.24662006,0.683711112,0.143359438,1339136.88,0,0,5829.28125,0.020548917,0.515512466,0.30842033,1.91E-16,0.139284477,4.58E-09,0.036782693
0.402208626,1.22201681,0,124999.867,2000,0,0,0,0.255822062,0,0,780.576599,124999.867,2000,-3245049.5,-6.38E+09,3.32E-07,-2012902.12,732636.625,0,-5529338,2012514.88,0,1.24657691,0.683715463,0.14269191,1339713.12,0,0,5831.53711,0.020358,0.515885532,0.308182836,1.96E-16,0.139107153,4.66E-09,0.036824435
0.403837413,1.22649181,0,124959.359,2000,0,0,0,0.255764782,0,0,780.523865,124959.359,2000,-3246748.25,-6.39E+09,3.32E-07,-2014333.5,733157.562,0,-5533262.5,2013943.38,0,1.24653387,0.683719814,0.142030835,1340284.12,0,0,5833.77246,0.0201698,0.516256154,0.30794692,2.00E-16,0.138931721,4.74E-09,0.036865186
0.405466169,1.23096681,0,124920.289,2000,0,0,0,0.255710036,0,0,780.471924,124920.289,2000,-3248420,-6.40E+09,3.32E-07,-2015822.38,733699.5,0,-5537336.5,2015426.12,0,1.24649143,0.683724046,0.141383022,1340888.62,0,0,5836.15723,0.01998622,0.516620636,0.30771485,2.05E-16,0.138759226,4.82E-09,0.036905211
0.407094955,1.2354418,0,124881.18,2000,0,0,0,0.255654544,0,0,780.421448,124881.18,2000,-3250048,-6.40E+09,3.32E-07,-2017521.25,734317.875,0,-5541971.5,2017113.25,0,1.24645007,0.683728218,0.140752971,1341534.75,0,0,5838.72754,0.019808479,0.516977429,0.307487726,2.09E-16,0.138589859,4.90E-09,0.036944911
0.408723712,1.2399168,0,124839.562,2000,0,0,0,0.255593032,0,0,780.37262,124839.562,2000,-3251621.5,-6.41E+09,3.32E-07,-2019563.25,735061.125,0,-5547537,2019139.12,0,1.24641001,0.683732152,0.140143991,1342212.5,0,0,5841.43994,0.019637439,0.517326176,0.307265699,2.14E-16,0.138423204,4.98E-09,0.036984827
0.410352468,1.2443918,0,124792.266,2000,0,0,0,0.255518854,0,0,780.325745,124792.266,2000,-3253132,-6.42E+09,3.32E-07,-2022041.12,735963.062,0,-5554295.5,2021599,0,1.24637139,0.683735967,0.139557615,1342901.62,0,0,5844.20459,0.019473448,0.517667294,0.307048589,2.19E-16,0.138258427,5.07E-09,0.037025657
0.411981255,1.2488668,0,124736.219,2000,0,0,0,0.255425811,0,0,780.280823,124736.219,2000,-3254580.75,-6.42E+09,3.32E-07,-2024926.88,737013.375,0,-5562171.5,2024465.75,0,1.24633408,0.683739543,0.138991207,1343569.25,0,0,5846.87695,0.019315695,0.51800257,0.306835115,2.23E-16,0.138094142,5.15E-09,0.037068088
0.413610011,1.25334191,0,124670.289,2000,0,0,0,0.255311579,0,0,780.23761,124670.289,2000,-3255975.75,-6.43E+09,3.32E-07,-2027963.88,738118.812,0,-5570470,2027486.12,0,1.24629784,0.683743,0.138435543,1344183.38,0,0,5849.31543,0.019161565,0.518334627,0.306623757,2.28E-16,0.137928963,5.24E-09,0.037112601
0.415238798,1.25781691,0,124597.852,2000,0,0,0,0.255183697,0,0,780.194885,124597.852,2000,-3257354.5,-6.43E+09,3.33E-07,-2030883.5,739181.438,0,-5578461,2030394.62,0,1.24626195,0.683746278,0.137883827,1344756.25,0,0,5851.57227,0.019009139,0.518668473,0.306411207,2.34E-16,0.137761369,5.33E-09,0.037158858
0.416867554,1.26229191,0,124512.805,2000,0,0,0,0.255028814,0,0,780.15448,124512.805,2000,-3258660.25,-6.43E+09,3.33E-07,-2032862.38,739901.5,0,-5583931,2032385.12,0,1.2462275,0.683749497,0.137305543,1344946.25,0,0,5852.16309,0.018850049,0.518996894,0.306202173,2.39E-16,0.137593359,5.42E-09,0.037207536
0.418496341,1.26676691,0,124365.078,2000,0,0,0,0.254753858,0,0,780.097351,124365.078,2000,-3260493.75,-6.43E+09,3.33E-07,-2031793,739511.812,0,-5581116,2031359.25,0,1.24618089,0.683754563,0.13660641,1342433.5,0,0,5840.95508,0.018658657,0.519400835,0.305945009,2.46E-16,0.137401,5.53E-09,0.037253089
0.420125097,1.2712419,0,123963.125,2000,0,0,0,0.253946811,0,0,780.061462,123963.125,2000,-3261647,-6.42E+09,3.34E-07,-2041253.5,742957.812,0,-5609217.5,2041594.88,0,1.24614787,0.683757246,0.136151478,1340562.38,0,0,5832.51855,0.018534524,0.519780159,0.305703551,2.52E-16,0.137184545,5.63E-09,0.0373317
0.421753883,1.2757169,0,122558.047,2000,0,0,0,0.251023918,0,0,780.145264,122558.047,2000,-3258939.25,-6.36E+09,3.38E-07,-2187996,796393.062,0,-5994906,2182039.25,0,1.24619937,0.683753073,0.139315009,1329017.12,0,0,5782.13086,0.01941656,0.51975733,0.305718064,2.62E-16,0.137031242,5.83E-09,0.037493289
0.42338264,1.2801919,0,116460.398,2000,0,0,0,0.238254353,0,0,780.73053,116460.398,2000,-3239958.25,-6.08E+09,3.56E-07,-3232388.75,1229318.88,0,-8045614,3059737.25,0,1.24662149,0.683677673,0.159342378,1394732.25,0,0,6069.00439,0.025666686,0.517573953,0.307107985,2.50E-16,0.137499049,5.72E-09,0.037818961
0.425138414,1.28461766,0,102948.703,2000,0,0,0,0.209967241,0,0,782.247803,102948.703,2000,-3191027.75,-4.77E+09,4.03E-07,-4556803,1995982.75,0,-9635882,4220516.5,0,1.2476809,0.683518648,0.178732753,1395821.5,0,0,6075.01709,0.031941038,0.512945712,0.310054272,2.10E-16,0.137942925,5.30E-09,0.039057009
0.427200645,1.28890908,0,87008.4688,2000,0,0,0,0.176812619,0,0,784.032898,87008.4688,2000,-3133632,-3.15E+09,4.78E-07,-5157356.5,2706763,0,-9196754,4826591.5,0,1.24888396,0.683377504,0.18369478,1211863.12,0,0,5274.56592,0.033737443,0.508905649,0.312626153,1.88E-16,0.137405276,5.35E-09,0.041062854
0.429560602,1.29304421,0,73004.8125,2000,0,0,0,0.147945836,0,0,785.378479,73004.8125,2000,-3090373.75,-2.04E+09,5.70E-07,-5293166.5,3274067,0,-8252435,5104337.5,0,1.24976039,0.683288157,0.181194812,1002159.44,0,0,4361.21533,0.03284777,0.5069049,0.313899815,1.90E-16,0.136204183,5.87E-09,0.042991053
0.432206511,1.29700255,0,60787.0664,2000,0,0,0,0.122953594,0,0,786.283813,60787.0664,2000,-3061241.5,-1.28E+09,6.85E-07,-5061956,3648965,0,-6904397,4976921,0,1.25031722,0.6832335,0.171998993,819457.125,0,0,3565.12476,0.029599013,0.506667316,0.314051062,2.03E-16,0.134549335,6.57E-09,0.04473225
0.435125202,1.3007642,0,50352.8086,2000,0,0,0,0.101725474,0,0,786.84436,50352.8086,2000,-3043194.5,-776635456,8.28E-07,-4811436.5,4013508.25,0,-5672057,4731193,0,1.25062501,0.683202386,0.161655232,670428.375,0,0,2915.66846,0.026165515,0.507723987,0.313378394,2.18E-16,0.132606521,7.32E-09,0.04629105
0.43830207,1.30431056,0,41495.7031,2000,0,0,0,0.083759122,0,0,787.234863,41495.7031,2000,-3030656.75,-463138816,1.00E-06,-4433644.5,4263710,0,-4485737.5,4313619,0,1.25080967,0.683182776,0.149379835,546251.5,0,0,2374.63037,0.022349244,0.50940305,0.312309504,2.32E-16,0.130536586,8.03E-09,0.047750812
0.44172132,1.30762386,0,34012.418,2000,0,0,0,0.068612255,0,0,787.497009,34012.418,2000,-3022277.75,-270511488,1.23E-06,-3988386,4418340.5,0,-3490892.75,3867042.5,0,1.25090432,0.68317014,0.13682799,446257.312,0,0,1939.0979,0.018757625,0.511445403,0.311009347,2.43E-16,0.128451854,8.64E-09,0.049093325
0.445365906,1.31068754,0,27715.1816,2000,0,0,0,0.055888534,0,0,787.639038,27715.1816,2000,-3017774,-154460768,1.50E-06,-3514738,4494598.5,0,-2660106.75,3401534.75,0,1.25091779,0.683164835,0.124261029,365134.781,0,0,1585.90845,0.015476639,0.513753116,0.309540272,2.51E-16,0.126409099,9.15E-09,0.050297428
0.449217588,1.31348646,0,22440.3926,2000,0,0,0,0.045245826,0,0,787.6651,22440.3926,2000,-3017004,-86073224,1.86E-06,-3031395,4497941.5,0,-1968470.75,2920615.25,0,1.25085378,0.683167279,0.11180672,298490,0,0,1295.8866,0.012535962,0.516285181,0.307928383,2.56E-16,0.124430634,9.56E-09,0.051355716
0.453257233,1.31600642,0,18053.2617,2000,0,0,0,0.036403477,0,0,787.58252,18053.2617,2000,-3019722.25,-46766244,2.31E-06,-2549706,4428519,0,-1406327.38,2442441,0,1.25071847,0.683176994,0.099668972,243603.984,0,0,1057.15063,0.009966645,0.519004583,0.306197256,2.60E-16,0.122529246,9.89E-09,0.052268863
0.457464635,1.31823516,0,14438.5615,2000,0,0,0,0.029122945,0,0,787.404358,14438.5615,2000,-3025505,-24813666,2.89E-06,-2089552.38,4306323,0,-967738.5,1994221.88,0,1.25052178,0.68319279,0.088222489,199258.406,0,0,864.350525,0.007811406,0.521844387,0.304389447,2.62E-16,0.120729126,1.01E-08,0.053036965
0.461818844,1.32016122,0,11464.8506,2000,0,0,0,0.023135128,0,0,787.150879,11464.8506,2000,-3033694,-12884302,3.63E-06,-1654312.88,4128316.25,0,-633396.188,1580451.75,0,1.25027943,0.68321383,0.077345885,162862.859,0,0,706.198059,0.00601004,0.524705172,0.302568316,2.65E-16,0.119064659,1.03E-08,0.053661805
0.466298133,1.32177532,0,9057.82617,2000,0,0,0,0.018288411,0,0,786.835327,9057.82617,2000,-3043869.5,-6475113.5,4.60E-06,-1281691.75,3994530.75,0,-392655.719,1223547.62,0,1.24999964,0.68323648,0.068106815,136604.766,0,0,592.117126,0.004652691,0.52757597,0.300740778,2.69E-16,0.117517695,1.05E-08,0.054165494
0.470880181,1.32306921,0,7069.16553,2000,0,0,0,0.014282733,0,0,786.472961,7069.16553,2000,-3055538,-3245692.25,5.89E-06,-880411.438,3599249.25,0,-212867.609,870043.875,0,1.24969256,0.683264017,0.057186525,112800.602,0,0,488.770935,0.003319845,0.530433297,0.298921824,2.76E-16,0.116075069,1.06E-08,0.05456974
0.475542098,1.32403648,0,6141.9541,2000,0,0,0,0.012413752,0,0,786.28363,6141.9541,2000,-3061629.75,-1489941.88,6.78E-06,-654489.625,3154298,0,-133573.375,643753.812,0,1.24953496,0.683280885,0.050125435,98450.3047,0,0,426.509369,0.002512479,0.531841874,0.298025161,2.81E-16,0.115385309,1.06E-08,0.054747619
