X,Y,Z,P,T,U,V,W,R,M,VelMag,Sound_speed,P_total,T_total,Heat_release,Kn,U_x,U_y,U_z,V_x,V_y,V_z,Gamma,Prandtl,Y_plus,Qdot,Qdot_tran,Qdot_enthalpy,Nu,Cell_Re,CO2,CO,C2,O2,C,O
3.68E-10,8.12E-17,0,138786.094,2000,0,0,0,0.294214576,0,0,763.916626,138786.094,2000,-703558336,2.94E-07,319.624695,-5.97534561,0,-1506.36914,59.8577156,0,1.23665965,0.685133576,0.013314003,410387.906,0,0,1794.96655,0.000176229,0.523417473,0.303313524,4.20E-18,0.166256517,7.90E-12,0.007012398
8.88E-06,0.000475198,0,138785.953,2000,0,0,0,0.294223666,0,0,763.901123,138785.953,2000,-702300992,2.94E-07,241.254364,-8.19715786,0,-2728.15234,114.890915,0,1.2366488,0.685135961,0.017285325,410039.031,0,0,1793.43286,0.000313876,0.523476422,0.303276002,7.44E-18,0.166242629,8.29E-12,0.00700487
3.55E-05,0.000949732,0,138785.703,2000,0,0,0,0.294249922,0,0,763.856628,138785.703,2000,-700063232,2.94E-07,-23.8352394,3.75410223,0,-4943.88281,380.759369,0,1.23661757,0.685142398,0.023620883,409321.125,0,0,1790.26831,0.000563388,0.523654521,0.303162664,1.13E-17,0.166195765,8.53E-12,0.006987026
7.99E-05,0.001422939,0,138785.406,2000,0,0,0,0.294294983,0,0,763.780762,138785.406,2000,-695816768,2.94E-07,-451.412933,53.3781967,0,-6972.65088,796.133301,0,1.23656404,0.685153127,0.028043984,408210.219,0,0,1785.36609,0.000791309,0.523965955,0.302964389,1.23E-17,0.166110083,8.30E-12,0.006959504
0.000141875,0.001894158,0,138784.984,2000,0,0,0,0.294363022,0,0,763.666321,138784.984,2000,-689335232,2.94E-07,-998.35553,153.639893,0,-8928.98438,1354.84424,0,1.23648345,0.685169399,0.031716649,406359.031,0,0,1777.20605,0.001009606,0.524432898,0.302667141,1.20E-17,0.165982917,8.13E-12,0.006916997
0.000221447,0.002362731,0,138784.484,2000,0,0,0,0.29445681,0,0,763.509033,138784.484,2000,-680533440,2.94E-07,-1656.24866,316.95108,0,-10646.292,2021.75134,0,1.23637271,0.685191333,0.034595199,403755.062,0,0,1765.73145,0.001199232,0.525073171,0.302259535,1.05E-17,0.165809408,8.05E-12,0.006857812
0.000318475,0.002828002,0,138783.922,2000,0,0,0,0.294579476,0,0,763.303772,138783.922,2000,-669301440,2.94E-07,-2387.29321,548.644104,0,-12087.332,2764.22754,0,1.23622835,0.68521899,0.036812257,400360.344,0,0,1750.77466,0.001356366,0.525906503,0.301729053,8.65E-18,0.165584579,8.46E-12,0.006779807
0.000432824,0.003289323,0,138783.297,2000,0,0,0,0.294733971,0,0,763.045715,138783.297,2000,-655460800,2.94E-07,-3153.57202,848.702271,0,-13199.0791,3539.75464,0,1.23604667,0.685252964,0.038414545,396087.969,0,0,1731.95276,0.001475907,0.526959419,0.301058769,7.00E-18,0.165297955,8.58E-12,0.006683791
0.000564333,0.003746047,0,138782.672,2000,0,0,0,0.294924676,0,0,762.727966,138782.672,2000,-638519936,2.94E-07,-3885.06177,1201.46436,0,-13898.3643,4287.21094,0,1.23582304,0.685293734,0.039365538,390790.438,0,0,1708.61951,0.001549319,0.528259099,0.300231427,7.59E-18,0.164942622,8.07E-12,0.006566815
0.000712819,0.004197538,0,138782.062,2000,0,0,0,0.29515478,0,0,762.345703,138782.062,2000,-618817088,2.93E-07,-4409.27051,1523.75488,0,-14071.7412,4855.95996,0,1.23555434,0.685340345,0.039565753,384303.594,0,0,1680.05786,0.001564587,0.529821157,0.299237043,8.97E-18,0.164516211,8.15E-12,0.006425559
0.000874428,0.004644525,0,138781.531,2000,0,0,0,0.295417428,0,0,761.910461,138781.531,2000,-598434624,2.93E-07,-4650.62598,1687.74976,0,-14025.8857,5088.19385,0,1.23524797,0.685387373,0.039513502,377141.062,0,0,1648.5177,0.001559894,0.531615436,0.298094809,7.99E-18,0.164018944,8.89E-12,0.006270767
0.001036993,0.005091169,0,138781.031,2000,0,0,0,0.295680732,0,0,761.474365,138781.031,2000,-584132864,2.93E-07,-4799.46191,1747.82214,0,-14305.8994,5209.86572,0,1.23493958,0.685427427,0.039950263,371496,0,0,1623.60205,0.001594343,0.533469141,0.296914756,6.18E-18,0.163478836,9.61E-12,0.006137223
0.001199558,0.005537814,0,138780.531,2000,0,0,0,0.295917422,0,0,761.08197,138780.531,2000,-573596544,2.93E-07,-4992.20898,1818.18652,0,-14871.1621,5415.96826,0,1.23466027,0.685459733,0.040772319,367919.594,0,0,1607.74036,0.001660309,0.535200894,0.295812339,5.66E-18,0.162944824,9.86E-12,0.006041904
0.001362123,0.005984458,0,138780,2000,0,0,0,0.296126366,0,0,760.735413,138780,2000,-565171136,2.93E-07,-5206.80078,1896.32434,0,-15469.4756,5633.74219,0,1.23441279,0.685487032,0.041638222,365140.094,0,0,1595.38379,0.001731265,0.536760092,0.294819772,6.04E-18,0.162450895,9.55E-12,0.005969202
0.001524688,0.006431101,0,138779.453,2000,0,0,0,0.296310186,0,0,760.430481,138779.453,2000,-558142464,2.93E-07,-5424.97949,1975.7439,0,-16070.0537,5852.35986,0,1.23419476,0.685510397,0.042500783,362863.25,0,0,1585.24841,0.001803437,0.538143992,0.293938786,7.20E-18,0.162007242,8.83E-12,0.005909928
0.001687254,0.006877746,0,138778.891,2000,0,0,0,0.296471804,0,0,760.162354,138778.891,2000,-552208512,2.93E-07,-5646.19824,2056.28809,0,-16676.7793,6073.24023,0,1.23400307,0.685530484,0.043361086,360986.219,0,0,1576.88269,0.001876918,0.539366722,0.293160409,8.52E-18,0.161612749,8.01E-12,0.00586007
0.001849819,0.00732439,0,138778.328,2000,0,0,0,0.296613961,0,0,759.926392,138778.328,2000,-552208512,2.93E-07,-5869.80811,2137.67749,0,-17291.8457,6297.15527,0,1.23383427,0.685547948,0.044215199,359449.281,0,0,1570.02332,0.001951343,0.54044646,0.292473078,8.81E-18,0.161262855,7.69E-12,0.005817597
0.002012384,0.007771034,0,138777.734,2000,0,0,0,0.296738535,0,0,759.719482,138777.734,2000,-542671552,2.93E-07,-6094.23047,2219.36987,0,-17913.2539,6523.35693,0,1.23368621,0.685563147,0.04505048,358220.312,0,0,1564.52698,0.002025495,0.541398406,0.291867048,7.28E-18,0.16095221,7.50E-12,0.005782262
0.002174949,0.008217677,0,138777.109,2000,0,0,0,0.296848387,0,0,759.536804,138777.109,2000,-539363264,2.93E-07,-6320.61768,2301.78198,0,-18538.3398,6750.88721,0,1.23355532,0.685576558,0.045850135,357263.969,0,0,1560.23572,0.002097666,0.542242706,0.291329592,6.11E-18,0.160675064,7.86E-12,0.005752596
0.002337514,0.008664321,0,138776.484,2000,0,0,0,0.296945035,0,0,759.375793,138776.484,2000,-536396736,2.92E-07,-6549.73828,2385.19092,0,-19170.5059,6981.03711,0,1.23344004,0.685588717,0.046595823,356533.531,0,0,1556.94434,0.002166097,0.54298991,0.290853918,4.81E-18,0.160428509,8.45E-12,0.005727622
0.002500079,0.009110966,0,138775.844,2000,0,0,0,0.297029406,0,0,759.234924,138775.844,2000,-534038752,2.92E-07,-6781.92871,2469.71558,0,-19816.5293,7216.25342,0,1.23333895,0.68560034,0.047266036,355979.406,0,0,1554.43494,0.002228592,0.54364866,0.290434569,2.58E-18,0.160208926,8.60E-12,0.005707804
0.002662644,0.009557609,0,138775.172,2000,0,0,0,0.29710421,0,0,759.109802,138775.172,2000,-531933824,2.92E-07,-7017.70801,2555.54907,0,-20477.3867,7456.8418,0,1.23324919,0.685612202,0.047828291,355551.562,0,0,1552.48657,0.002281569,0.544235051,0.290061265,1.31E-18,0.160013065,8.81E-12,0.005690555
0.00282521,0.010004254,0,138774.5,2000,0,0,0,0.297170609,0,0,758.998413,138774.5,2000,-530326848,2.92E-07,-7257.74463,2642.92969,0,-21153.0879,7702.84082,0,1.2331692,0.685624897,0.048240069,355209.25,0,0,1550.92065,0.002320604,0.54475832,0.289728165,8.64E-19,0.159837723,8.94E-12,0.005675743
0.002987775,0.010450898,0,138773.797,2000,0,0,0,0.297230124,0,0,758.898315,138773.797,2000,-528731008,2.92E-07,-7500.5459,2731.29272,0,-21843.3594,7954.10352,0,1.23309743,0.685639322,0.04845104,354898.5,0,0,1549.49976,0.002340725,0.545228362,0.289428949,1.20E-18,0.159680277,9.05E-12,0.005662375
0.00315034,0.010897541,0,138773.062,2000,0,0,0,0.297284305,0,0,758.806885,138773.062,2000,-527425536,2.92E-07,-7744.72754,2820.15503,0,-22547.7715,8210.51074,0,1.23303187,0.68565619,0.048414934,354560.719,0,0,1547.96692,0.002337079,0.545656323,0.289156497,1.83E-18,0.159537435,9.23E-12,0.005649674
0.003312905,0.011344186,0,138772.312,2000,0,0,0,0.297334731,0,0,758.721619,138772.312,2000,-525926912,2.92E-07,-7988.8335,2908.96338,0,-23263.1523,8470.83496,0,1.23297083,0.685676157,0.048090011,354138.156,0,0,1546.06897,0.002305539,0.546053052,0.288903952,2.38E-18,0.159406096,9.61E-12,0.005636852
0.00347547,0.01179083,0,138771.531,2000,0,0,0,0.297383249,0,0,758.639465,138771.531,2000,-524349024,2.92E-07,-8231.28418,2997.16528,0,-23985.7441,8733.77344,0,1.23291218,0.685699761,0.047445782,353583.594,0,0,1543.59802,0.002243929,0.546430528,0.288663656,2.78E-18,0.159283161,1.04E-11,0.005622608
0.003638035,0.012237474,0,138770.719,2000,0,0,0,0.297430813,0,0,758.558899,138770.719,2000,-522707392,2.92E-07,-8472.20312,3084.80078,0,-24717.5996,9000.06543,0,1.23285484,0.685726881,0.046479058,352889.5,0,0,1540.52063,0.002153351,0.546796024,0.288430989,3.33E-18,0.159166068,1.17E-11,0.005606871
0.0038006,0.012684118,0,138769.875,2000,0,0,0,0.297477335,0,0,758.47998,138769.875,2000,-521159808,2.92E-07,-8710.47559,3171.45825,0,-25462.2012,9271,0,1.2327987,0.685756922,0.045215406,352095.156,0,0,1537.00769,0.002037812,0.547150016,0.288205624,3.77E-18,0.159054458,1.29E-11,0.005589846
0.003963165,0.013130762,0,138769.016,2000,0,0,0,0.297522157,0,0,758.403748,138769.016,2000,-519699744,2.92E-07,-8949.06738,3258.26611,0,-26226.4609,9549.10449,0,1.23274457,0.685788989,0.043707091,351229.438,0,0,1533.18445,0.001903877,0.547492504,0.28798762,3.77E-18,0.158946157,1.30E-11,0.005573693
0.004125731,0.013577406,0,138768.109,2000,0,0,0,0.29756549,0,0,758.329834,138768.109,2000,-518354464,2.92E-07,-9190.11133,3345.94092,0,-27016.5215,9836.59473,0,1.23269212,0.685822248,0.042014793,350329.906,0,0,1529.21509,0.001759075,0.547825038,0.287775904,3.46E-18,0.15884082,1.25E-11,0.005558155
0.004288296,0.01402405,0,138767.172,2000,0,0,0,0.297606647,0,0,758.259338,138767.172,2000,-517250944,2.92E-07,-9434.97656,3435.03809,0,-27841.9082,10136.9883,0,1.23264205,0.685855806,0.040209465,349477.469,0,0,1525.45337,0.001610933,0.548142493,0.287573844,3.10E-18,0.158740148,1.21E-11,0.005543475
0.004450861,0.014470695,0,138766.188,2000,0,0,0,0.297643632,0,0,758.195557,138766.188,2000,-516505760,2.92E-07,-9690.26758,3527.94434,0,-28716.9414,10455.4775,0,1.23259664,0.685888529,0.038364042,348739.969,0,0,1522.1969,0.001466117,0.548431695,0.287389755,3.00E-18,0.158647567,1.16E-11,0.005530965
0.004613426,0.014917338,0,138765.156,2000,0,0,0,0.297674805,0,0,758.141052,138765.156,2000,-516261984,2.92E-07,-9956.7334,3624.89966,0,-29645.709,10793.4844,0,1.23255765,0.685919583,0.036531758,348172.188,0,0,1519.6853,0.001329052,0.548683882,0.28722921,3.30E-18,0.158564717,1.12E-11,0.005522167
0.004775991,0.015363982,0,138764.094,2000,0,0,0,0.297698289,0,0,758.098816,138764.094,2000,-516724960,2.92E-07,-10235.2949,3726.2771,0,-30632.7051,11152.7236,0,1.23252738,0.685948193,0.034755748,347829.469,0,0,1518.16187,0.001202653,0.548885882,0.287100583,3.45E-18,0.158495471,1.03E-11,0.005518001
0.004938556,0.015810626,0,138762.969,2000,0,0,0,0.297712445,0,0,758.071594,138762.969,2000,-517794592,2.92E-07,-10531.8633,3834.22217,0,-31698.1172,11540.5664,0,1.23250747,0.685973942,0.033077013,347765.812,0,0,1517.86365,0.001089014,0.549026072,0.287011355,2.91E-18,0.158443436,9.47E-12,0.005519092
0.005101122,0.016257269,0,138761.781,2000,0,0,0,0.297716349,0,0,758.060791,138761.781,2000,-519621632,2.92E-07,-10848.2012,3949.35229,0,-32850.0977,11959.8652,0,1.232499,0.685996532,0.031518135,348016.062,0,0,1518.94348,0.000988528,0.549098849,0.286965013,2.04E-18,0.158409879,9.11E-12,0.005526195
0.005263687,0.016703915,0,138760.531,2000,0,0,0,0.29770869,0,0,758.068542,138760.531,2000,-522293376,2.92E-07,-11186.5449,4072.5105,0,-34092.8281,12412.2412,0,1.23250353,0.686015725,0.030090466,348605.5,0,0,1521.51257,0.000900736,0.549095094,0.286967397,1.36E-18,0.158397585,8.76E-12,0.005539848
0.005426252,0.017150559,0,138759.203,2000,0,0,0,0.297687829,0,0,758.097412,138759.203,2000,-525962368,2.91E-07,-11551.9805,4205.53125,0,-35442.3516,12903.4951,0,1.23252285,0.686031401,0.028802326,349563.531,0,0,1525.70093,0.000825004,0.549003422,0.28702575,9.27E-19,0.158409968,8.41E-12,0.005560781
0.005588817,0.017597202,0,138757.812,2000,0,0,0,0.297652215,0,0,758.150024,138757.812,2000,-525962368,2.91E-07,-11952.4268,4351.32617,0,-36925.2852,13443.4023,0,1.23255873,0.686043501,0.027658928,350929.188,0,0,1531.68018,0.00076055,0.548812926,0.287147045,5.93E-19,0.158450261,8.10E-12,0.005589714
0.005751382,0.018043846,0,138756.312,2000,0,0,0,0.297600687,0,0,758.228149,138756.312,2000,-536429216,2.91E-07,-12385.2676,4508.85693,0,-38544.8281,14032.9102,0,1.23261261,0.686051905,0.026650017,352731.812,0,0,1539.57971,0.000705884,0.54851526,0.287336528,3.88E-19,0.158521146,7.91E-12,0.005626996
0.005913947,0.01849049,0,138754.703,2000,0,0,0,0.297531545,0,0,758.334534,138754.703,2000,-543697280,2.91E-07,-12849.9268,4678.01807,0,-40306.3555,14674.2188,0,1.23268616,0.686056614,0.025766281,355028.562,0,0,1549.65051,0.000659644,0.548100114,0.287600785,3.30E-19,0.158625066,7.74E-12,0.005673958
0.006076512,0.018937135,0,138752.953,2000,0,0,0,0.297448099,0,0,758.463806,138752.953,2000,-550949184,2.92E-07,-13358.0801,4863.00342,0,-42239.0117,15377.7793,0,1.23277593,0.68605864,0.025002172,357816.75,0,0,1561.88049,0.00062095,0.547586918,0.287927508,4.21E-19,0.158757836,9.56E-12,0.005727678
0.006239078,0.019383779,0,138751.078,2000,0,0,0,0.297345042,0,0,758.624573,138751.078,2000,-561387328,2.92E-07,-13921.9131,5068.30273,0,-44398.7227,16164.208,0,1.23288751,0.686057031,0.024358528,361150.375,0,0,1576.50696,0.000589213,0.546947241,0.288334727,5.04E-19,0.158924237,1.13E-11,0.005793768
0.006401643,0.019830423,0,138749.016,2000,0,0,0,0.297218174,0,0,758.823547,138749.016,2000,-573098880,2.92E-07,-14563.8564,5302.05469,0,-46868.8164,17063.6367,0,1.23302579,0.686050653,0.023839047,365071.188,0,0,1593.71472,0.000564089,0.546153903,0.288839728,4.64E-19,0.159131244,1.06E-11,0.005875051
0.006564208,0.020277066,0,138746.781,2000,0,0,0,0.297071636,0,0,759.054077,138746.781,2000,-586661312,2.92E-07,-15299.3184,5569.85938,0,-49702.4453,18095.4727,0,1.23318613,0.686041057,0.023431646,369632.5,0,0,1613.73694,0.000544788,0.545231581,0.289426893,4.32E-19,0.159373477,1.03E-11,0.00596799
0.006726773,0.02072371,0,138744.281,2000,0,0,0,0.296901554,0,0,759.322205,138744.281,2000,-602673280,2.92E-07,-16144.1602,5877.49463,0,-52979.6133,19288.8477,0,1.23337269,0.686027825,0.023130629,375024.969,0,0,1637.40894,0.000530791,0.544161022,0.290108413,4.40E-19,0.159653544,1.06E-11,0.006076997
0.006889338,0.021170355,0,138741.5,2000,0,0,0,0.29670319,0,0,759.635742,138741.5,2000,-622132480,2.92E-07,-17132.6543,6237.48486,0,-56824.4219,20689.0352,0,1.23359072,0.686010361,0.0229374,381484.5,0,0,1665.76501,0.000521959,0.542916059,0.290900916,5.37E-19,0.159975931,1.15E-11,0.006207025
0.007051903,0.021616999,0,138738.297,2000,0,0,0,0.296472549,0,0,760.000854,138738.297,2000,-645231360,2.92E-07,-18320.3633,6670.05713,0,-61418.8398,22362.2988,0,1.2338444,0.685988069,0.022860145,389170.719,0,0,1699.5061,0.000518503,0.541475296,0.291818082,3.95E-19,0.160344571,1.27E-11,0.006361971
0.007214468,0.022063643,0,138734.594,2000,0,0,0,0.296203345,0,0,760.427551,138734.594,2000,-673554816,2.92E-07,-19768.7363,7197.57227,0,-67004.8984,24396.8223,0,1.23414087,0.685960054,0.022909621,398263.938,0,0,1739.42688,0.000520804,0.539801657,0.292883545,2.79E-19,0.16076766,1.32E-11,0.006547109
0.007377033,0.022510286,0,138730.188,2000,0,0,0,0.295881182,0,0,760.939148,138730.188,2000,-709799680,2.92E-07,-21591.6777,7861.62793,0,-73959.0312,26929.8359,0,1.234496,0.685924649,0.023106301,409284.062,0,0,1787.81116,0.000529867,0.537816703,0.294147104,1.11E-18,0.161258757,1.48E-11,0.006777349
0.007539598,0.02295693,0,138724.797,2000,0,0,0,0.295468062,0,0,761.596924,138724.797,2000,-764711040,2.92E-07,-23927.7852,8712.55566,0,-82738.6719,30127.7168,0,1.23495102,0.68587625,0.023465332,423679.938,0,0,1851.01416,0.000546596,0.535323918,0.295734048,2.88E-18,0.161845595,1.65E-11,0.007096433
0.007702163,0.023403574,0,138718.047,2000,0,0,0,0.294897676,0,0,762.508484,138718.047,2000,-857496704,2.93E-07,-26585.3379,9679.75781,0,-94948.1406,34577.4805,0,1.23557758,0.685803711,0.024108,446811.75,0,0,1952.49182,0.000577109,0.532030344,0.297830671,4.81E-18,0.162537798,1.85E-11,0.007601137
0.007864729,0.023850219,0,138709.766,2000,0,0,0,0.29410997,0,0,763.772888,138709.766,2000,-1.01E+09,2.93E-07,-30851.1855,11236.3818,0,-118224.953,43070.9531,0,1.23643887,0.685691714,0.025732979,495408.75,0,0,2165.39478,0.000658607,0.527753472,0.300553292,7.41E-18,0.163278684,2.07E-11,0.008414504
0.008027294,0.024296863,0,138697,2000,0,0,0,0.293227851,0,0,765.182495,138697,2000,-1.17E+09,2.94E-07,-55935.668,21518.832,0,-160079.734,61490.5352,0,1.23739612,0.68554765,0.030174261,571252.812,0,0,2497.51978,0.000917711,0.523147464,0.303485423,8.73E-18,0.163982615,1.89E-11,0.009384428
0.008205008,0.024737062,0,138673.172,2000,0,0,0,0.292949289,0,0,765.57135,138673.172,2000,-986479680,2.94E-07,-87373.3594,52185.4648,0,-145983.391,87049.5391,0,1.23768842,0.685482979,0.040718742,532727.812,0,0,2329.52979,0.001715896,0.521009624,0.304846376,7.60E-18,0.164828658,1.48E-11,0.009315312
0.008506809,0.02510079,0,138649.422,2000,0,0,0,0.294114023,0,0,763.588684,138649.422,2000,-563271616,2.93E-07,-44656.5,53481.168,0,-53341.3711,63774.0586,0,1.2363956,0.6856758,0.04229904,350590.844,0,0,1533.06848,0.001823448,0.52579397,0.301800698,4.48E-18,0.165111333,8.54E-12,0.007293948
0.008919203,0.025331691,0,138643.703,2000,0,0,0,0.298309237,0,0,756.715088,138643.703,2000,-213125664,2.91E-07,-4653.64258,13311.5957,0,-6486.27686,18891.3223,0,1.2316227,0.686250389,0.028247111,190760.875,0,0,832.95752,0.000845799,0.552654922,0.284701258,1.82E-18,0.158367425,3.33E-12,0.004276337
0.009387037,0.025398886,0,138648.656,2000,0,0,0,0.305351198,0,0,745.556458,138648.656,2000,-213125664,2.88E-07,-773.043762,-15578.6934,0,307.265747,6103.41406,0,1.22377419,0.686986804,0.022346098,131908.234,0,0,573.141907,0.000489572,0.603812039,0.252135128,1.67E-18,0.141754195,3.02E-12,0.00229857
0.009864527,0.02528597,0,138652.188,2000,0,0,0,0.310555249,0,0,737.59906,138652.188,2000,-127281824,2.86E-07,-7238.34082,-16109.6201,0,4891.78076,10829.0674,0,1.21819246,0.687412918,0.023276841,160970.594,0,0,696.735596,0.000541015,0.643392861,0.226938397,1.54E-18,0.127588928,2.92E-12,0.0020798
0.01026552,0.025003213,0,138654.016,2000,0,0,0,0.31214115,0,0,735.214722,138654.016,2000,-196771328,2.85E-07,-8546.09082,-9818.78613,0,11096.832,12722.2754,0,1.21650028,0.687509239,0.019683538,212248.953,0,0,917.637878,0.000377749,0.656559944,0.218556345,1.16E-18,0.12236736,2.84E-12,0.002516304
0.010602244,0.024642311,0,138655.25,2000,0,0,0,0.312584698,0,0,734.551086,138655.25,2000,-196771328,2.85E-07,-5220.33105,-4913.26807,0,11025.2568,10363.084,0,1.21602154,0.68753612,0.016207904,231390.641,0,0,1000.01001,0.000243469,0.660548031,0.216017574,9.12E-19,0.120672479,2.61E-12,0.002761878
0.010941241,0.024283456,0,138656.078,2000,0,0,0,0.312979579,0,0,733.968689,138656.078,2000,-201652592,2.84E-07,-2547.67603,-2411.89551,0,8008.26123,7572.28174,0,1.21562159,0.687574267,0.013981931,221701.188,0,0,957.898315,0.000170287,0.663364351,0.214224711,9.39E-19,0.119696252,2.14E-12,0.002714616
0.011280237,0.0239246,0,138656.719,2000,0,0,0,0.313435167,0,0,733.300537,138656.719,2000,-187141360,2.84E-07,-1093.98999,-1037.91809,0,6222.01074,5882.40723,0,1.21517146,0.687623739,0.012638832,208461.984,0,0,900.481812,0.000129216,0.666317642,0.212344691,1.12E-18,0.118783958,2.18E-12,0.002553664
0.011619234,0.023565745,0,138657.172,2000,0,0,0,0.313943684,0,0,732.556091,138657.172,2000,-172279104,2.84E-07,27.4298649,22.890873,0,5023.90332,4749.17676,0,1.21467018,0.687674403,0.011860513,195958.734,0,0,846.243958,0.000103532,0.669619679,0.210242644,9.88E-19,0.117758781,1.98E-12,0.002378849
0.01195823,0.02320689,0,138657.547,2000,0,0,0,0.314504892,0,0,731.736633,138657.547,2000,-155874064,2.84E-07,738.591492,695.974915,0,4242.26025,4009.4502,0,1.21411872,0.687728405,0.011449278,183328.531,0,0,791.461731,8.92E-05,0.673274815,0.207915828,6.27E-19,0.116615124,1.67E-12,0.002194203
0.012297227,0.022848036,0,138657.906,2000,0,0,0,0.315072536,0,0,730.910156,138657.906,2000,-140162240,2.84E-07,1121.71082,1058.80518,0,3797.50708,3588.39917,0,1.21356237,0.687781215,0.011262978,171861.875,0,0,741.727112,8.25E-05,0.676996768,0.205546454,1.94E-19,0.115434825,1.40E-12,0.002021896
0.012636223,0.022489181,0,138658.297,2000,0,0,0,0.315600246,0,0,730.144226,138658.297,2000,-126729904,2.83E-07,1305.10571,1232.47876,0,3546.98975,3351.35254,0,1.21304667,0.68782872,0.011160947,162315.922,0,0,700.322021,7.93E-05,0.680480063,0.203329042,1.70E-20,0.114315562,1.25E-12,0.001875312
0.01297522,0.022130325,0,138658.688,2000,0,0,0,0.316037774,0,0,729.510864,138658.688,2000,-115987024,2.83E-07,1387.19556,1310.27942,0,3387.22021,3200.2085,0,1.21261954,0.687866211,0.011087963,155320.969,0,0,669.972534,7.73E-05,0.683406293,0.201466233,2.79E-20,0.113355733,1.02E-12,0.001771722
0.013314216,0.02177147,0,138659.078,2000,0,0,0,0.316372633,0,0,729.027527,138659.078,2000,-109783896,2.83E-07,1395.01111,1317.90955,0,3294.97583,3112.83154,0,1.21229362,0.687894583,0.011027695,150061.578,0,0,647.161072,7.60E-05,0.685649216,0.200038388,2.76E-20,0.112615943,8.13E-13,0.001696403
0.013653213,0.021412615,0,138659.5,2000,0,0,0,0.316603482,0,0,728.695618,138659.5,2000,-103871120,2.83E-07,1365.90308,1290.41736,0,3233.79541,3055.06299,0,1.2120707,0.687915027,0.010962769,146184.516,0,0,630.359741,7.51E-05,0.687165618,0.199073076,3.19E-20,0.112125635,7.20E-13,0.001635641
0.01399221,0.021053761,0,138659.938,2000,0,0,0,0.316717446,0,0,728.532837,138659.938,2000,-100319296,2.83E-07,1325.18445,1252.02588,0,3168.55103,2993.43164,0,1.21196187,0.687925458,0.010880197,144116.531,0,0,621.405212,7.39E-05,0.687894106,0.198609322,3.30E-20,0.11189656,6.65E-13,0.001599982
0.014331206,0.020694906,0,138660.391,2000,0,0,0,0.316728652,0,0,728.518616,138660.391,2000,-98417480,2.83E-07,1259.66663,1190.22949,0,3106.74585,2935.02197,0,1.2119534,0.687927604,0.010773649,143218.047,0,0,617.532166,7.25E-05,0.687921524,0.198591858,3.42E-20,0.111903578,6.58E-13,0.001582994
0.014670203,0.020336051,0,138660.875,2000,0,0,0,0.316654295,0,0,728.628052,138660.875,2000,-97817216,2.83E-07,1172.479,1107.92053,0,3043.06445,2874.90283,0,1.2120285,0.687922835,0.010640481,143246.734,0,0,617.688721,7.09E-05,0.687362194,0.198947936,3.36E-20,0.112109587,6.69E-13,0.001580262
0.015009199,0.019977195,0,138661.375,2000,0,0,0,0.316511422,0,0,728.83667,138661.375,2000,-98155456,2.83E-07,1069.37207,1010.57629,0,2967.83643,2803.87988,0,1.21217084,0.687912524,0.010478635,143997.812,0,0,620.986145,6.89E-05,0.686332405,0.199603483,3.24E-20,0.11247503,6.74E-13,0.00158904
0.015348196,0.01961834,0,138661.875,2000,0,0,0,0.316320509,0,0,729.115051,138661.875,2000,-99361960,2.83E-07,954.492554,902.080139,0,2878.67285,2719.70532,0,1.21236026,0.687898159,0.010288197,145305.078,0,0,626.70105,6.66E-05,0.684972048,0.200469479,3.13E-20,0.112952366,6.93E-13,0.001606077
0.015687192,0.019259485,0,138662.391,2000,0,0,0,0.316100031,0,0,729.436707,138662.391,2000,-100980360,2.83E-07,832.601379,786.958496,0,2772.02808,2619.02905,0,1.21257913,0.687881172,0.010068484,147015.344,0,0,634.166809,6.38E-05,0.683408439,0.201464862,6.55E-20,0.113497883,7.14E-13,0.001628793
0.016026188,0.018900631,0,138662.906,2000,0,0,0,0.315862417,0,0,729.783569,138662.906,2000,-103058016,2.83E-07,694.475281,656.565674,0,2654.23535,2507.76733,0,1.21281517,0.687862337,0.009818446,149085.234,0,0,643.1922,6.08E-05,0.681729674,0.202533528,1.46E-19,0.114080451,7.52E-13,0.001656291
0.016365185,0.018541776,0,138663.453,2000,0,0,0,0.315614104,0,0,730.146484,138663.453,2000,-105412552,2.83E-07,543.794861,514.224243,0,2513.23975,2374.72363,0,1.21306205,0.687842369,0.009521609,151494.906,0,0,653.690063,5.73E-05,0.679982543,0.203645721,1.44E-19,0.114683039,8.24E-13,0.00168862
0.016704181,0.01818292,0,138664,2000,0,0,0,0.315372348,0,0,730.500549,138664,2000,-108286000,2.83E-07,372.106415,352.183624,0,2356.42065,2226.54712,0,1.21330309,0.687823117,0.009178463,153791.062,0,0,663.699341,5.34E-05,0.678273678,0.20473361,6.19E-20,0.115274273,9.25E-13,0.001718425
0.017043179,0.017824065,0,138664.547,2000,0,0,0,0.315146506,0,0,730.831787,138664.547,2000,-110327656,2.83E-07,159.894333,151.853561,0,2222.54028,2099.95459,0,1.21352875,0.68780458,0.008817416,155994.828,0,0,673.305542,5.01E-05,0.676678479,0.205749094,3.23E-20,0.115824625,1.07E-12,0.001747781
0.017382175,0.01746521,0,138665.094,2000,0,0,0,0.314930558,0,0,731.148926,138665.094,2000,-113056728,2.84E-07,-50.9558525,-47.4703217,0,2086.99756,1972.04553,0,1.2137444,0.687785923,0.008442556,158340.344,0,0,683.519653,4.72E-05,0.675170004,0.206709355,3.49E-20,0.116337605,1.12E-12,0.001782984
0.017721171,0.017106356,0,138665.625,2000,0,0,0,0.31473127,0,0,731.441956,138665.625,2000,-115880352,2.84E-07,-247.240036,-232.850296,0,1922.95349,1817.14905,0,1.21394372,0.687768579,0.008033458,160476.797,0,0,692.82666,4.40E-05,0.67377758,0.207595766,3.42E-20,0.116810434,1.11E-12,0.001816173
0.018060168,0.016747501,0,138666.141,2000,0,0,0,0.314552873,0,0,731.704834,138666.141,2000,-118289144,2.84E-07,-457.23114,-431.16333,0,1757.48474,1660.78149,0,1.21412265,0.687753201,0.007606267,162369.859,0,0,701.076599,4.15E-05,0.67252636,0.208392292,3.91E-20,0.117236286,1.17E-12,0.001845034
0.018399164,0.016388645,0,138666.625,2000,0,0,0,0.314394921,0,0,731.937866,138666.625,2000,-120458040,2.84E-07,-661.88678,-624.583557,0,1594.61499,1506.96423,0,1.21428144,0.687739313,0.007179782,164117.953,0,0,708.693481,3.96E-05,0.671417654,0.209098071,4.72E-20,0.117613286,1.29E-12,0.001870942
0.018738162,0.01602979,0,138667.109,2000,0,0,0,0.314259201,0,0,732.13855,138667.109,2000,-122389568,2.84E-07,-875.376648,-826.105286,0,1412.07117,1334.62378,0,1.21441829,0.687727034,0.006700616,166096.891,0,0,717.299744,3.84E-05,0.670458078,0.209708944,5.88E-20,0.117941603,1.44E-12,0.001891348
0.019077158,0.015670935,0,138667.656,2000,0,0,0,0.314138055,0,0,732.318115,138667.656,2000,-123646136,2.84E-07,-1123.24829,-1060.1665,0,1194.77747,1129.50183,0,1.2145406,0.687715948,0.006125616,167669.25,0,0,724.143799,3.81E-05,0.669606984,0.21025075,7.11E-20,0.118229799,1.60E-12,0.001912456
0.019416153,0.015312081,0,138668.219,2000,0,0,0,0.3140288,0,0,732.480347,138668.219,2000,-125637808,2.84E-07,-1336.1925,-1261.65991,0,957.040039,904.923584,0,1.21465087,0.687705994,0.005562162,168685.406,0,0,728.580383,3.83E-05,0.668846428,0.210734889,8.21E-20,0.118483849,1.74E-12,0.001934788
0.019755151,0.014953226,0,138668.734,2000,0,0,0,0.313935667,0,0,732.618835,138668.734,2000,-127048528,2.84E-07,-1502.09717,-1418.38379,0,714.222473,675.580261,0,1.21474516,0.687697232,0.005106888,169836.234,0,0,733.592346,3.89E-05,0.668194473,0.211149916,9.01E-20,0.118702702,1.85E-12,0.001952861
0.020094147,0.014594371,0,138669.25,2000,0,0,0,0.313856602,0,0,732.736755,138669.25,2000,-128337440,2.84E-07,-1664.24207,-1571.57922,0,457.046478,432.705414,0,1.21482539,0.687689543,0.00483096,170933.219,0,0,738.365784,4.06E-05,0.667642236,0.211501464,9.36E-20,0.118886955,1.94E-12,0.001969287
0.020433145,0.014235516,0,138669.766,2000,0,0,0,0.313791305,0,0,732.834412,138669.766,2000,-129445560,2.84E-07,-1830.12366,-1728.22876,0,196.566727,186.600037,0,1.21489179,0.687682867,0.004895692,171961.703,0,0,742.83728,4.35E-05,0.667186975,0.211791307,9.72E-20,0.119037978,2.08E-12,0.001983726
0.020772141,0.013876661,0,138670.266,2000,0,0,0,0.313741863,0,0,732.908813,138670.266,2000,-130402304,2.84E-07,-1992.28735,-1881.49365,0,-68.6090469,-63.8237457,0,1.21494234,0.687677681,0.005272033,172733.812,0,0,746.194946,4.73E-05,0.66683805,0.212013394,1.06E-19,0.119154625,2.33E-12,0.001993868
0.021111136,0.013517805,0,138670.75,2000,0,0,0,0.313704282,0,0,732.965698,138670.75,2000,-130784680,2.84E-07,-2147.16333,-2027.77441,0,-332.894287,-313.561646,0,1.21498108,0.687673509,0.005799521,173249.016,0,0,748.4375,5.18E-05,0.666571081,0.212183341,1.11E-19,0.119243838,2.56E-12,0.002001669
0.021450134,0.013158951,0,138671.234,2000,0,0,0,0.313672185,0,0,733.014465,138671.234,2000,-131321248,2.84E-07,-2321.48535,-2192.33203,0,-572.824707,-540.307312,0,1.2150141,0.687669694,0.00641864,173769.469,0,0,750.699524,5.72E-05,0.666348338,0.212325156,1.07E-19,0.119315848,2.68E-12,0.002010617
0.02178913,0.012800096,0,138671.719,2000,0,0,0,0.31364578,0,0,733.054871,138671.719,2000,-131886712,2.84E-07,-2500.90283,-2361.89673,0,-796.125977,-751.275085,0,1.2150414,0.687666237,0.00704097,174403.625,0,0,753.449829,6.31E-05,0.666169405,0.212439045,9.77E-20,0.119371295,2.76E-12,0.002020187
0.022128128,0.012441241,0,138672.219,2000,0,0,0,0.313626647,0,0,733.084534,138672.219,2000,-132518112,2.84E-07,-2665.32031,-2517.24536,0,-1015.47614,-958.487854,0,1.21506119,0.687663317,0.007606938,175118.922,0,0,756.547058,6.89E-05,0.666044533,0.212518543,8.98E-20,0.119407207,2.83E-12,0.002029662
0.022467123,0.012082386,0,138672.719,2000,0,0,0,0.313615382,0,0,733.102539,138672.719,2000,-133054104,2.84E-07,-2822.41699,-2665.66919,0,-1229.66724,-1160.85803,0,1.21507287,0.687660813,0.008141506,175906.469,0,0,759.952148,7.47E-05,0.665979326,0.212560073,8.78E-20,0.11942105,2.90E-12,0.002039529
0.022806119,0.011723531,0,138673.25,2000,0,0,0,0.313612342,0,0,733.108459,138673.25,2000,-133741536,2.84E-07,-2976.28516,-2811.02295,0,-1428.25122,-1348.52979,0,1.21507621,0.687658906,0.008651003,176725,0,0,763.486694,8.05E-05,0.665976405,0.21256192,9.15E-20,0.119411685,2.97E-12,0.002049944
0.023145117,0.011364676,0,138673.797,2000,0,0,0,0.313621014,0,0,733.097168,138673.797,2000,-134363264,2.84E-07,-3124.55444,-2951.12427,0,-1611.45593,-1521.62805,0,1.21506763,0.687657773,0.009132812,177558.859,0,0,767.081543,8.62E-05,0.666057885,0.212510049,9.55E-20,0.119372621,3.05E-12,0.002059395
0.023484113,0.011005821,0,138674.359,2000,0,0,0,0.313645363,0,0,733.062866,138674.359,2000,-134864384,2.84E-07,-3252.10693,-3071.72925,0,-1799.1532,-1698.87134,0,1.21504343,0.687657952,0.009584864,178296.594,0,0,770.253601,9.16E-05,0.666249454,0.212388098,9.04E-20,0.119295895,3.13E-12,0.002066499
0.023823109,0.010646965,0,138674.922,2000,0,0,0,0.313691169,0,0,732.99707,138674.922,2000,-135085568,2.84E-07,-3341.14624,-3156.00977,0,-2012.10718,-1899.91968,0,1.21499789,0.687660158,0.010008285,178633.359,0,0,771.683716,9.67E-05,0.666586041,0.21217382,1.54E-19,0.119171858,3.23E-12,0.002068212
0.024162106,0.010288111,0,138675.453,2000,0,0,0,0.313762784,0,0,732.893311,138675.453,2000,-134714320,2.84E-07,-3398.68066,-3210.42261,0,-2238.33691,-2113.64868,0,1.2149266,0.687665164,0.010401618,178299.438,0,0,770.205872,0.000101382,0.667093515,0.211850777,5.17E-19,0.118993707,3.07E-12,0.002061955
0.024501102,0.009929256,0,138675.938,2000,0,0,0,0.313854367,0,0,732.760071,138675.938,2000,-133453376,2.84E-07,-3480.30054,-3287.2876,0,-2405.90137,-2272.34692,0,1.21483552,0.687672019,0.010765715,177539.375,0,0,766.878723,0.000105946,0.667733431,0.211443439,9.67E-19,0.118773647,3.06E-12,0.002049475
0.0248401,0.009570401,0,138676.422,2000,0,0,0,0.313956171,0,0,732.611877,138676.422,2000,-132291144,2.84E-07,-3589.35474,-3390.33862,0,-2577.3916,-2433.91553,0,1.2147342,0.687679589,0.011144225,176915.609,0,0,764.135925,0.00011125,0.668444812,0.210990548,1.06E-18,0.118529037,3.02E-12,0.002035546
0.025179096,0.009211546,0,138676.969,2000,0,0,0,0.31406346,0,0,732.455933,138676.969,2000,-130966280,2.84E-07,-3751.89722,-3543.46021,0,-2676.88306,-2528.85083,0,1.2146275,0.687687457,0.011499138,176475.953,0,0,762.18573,0.000116667,0.66919744,0.210511446,8.66E-19,0.118268788,2.83E-12,0.002022292
0.025518091,0.00885269,0,138677.625,2000,0,0,0,0.3141689,0,0,732.303162,138677.625,2000,-128448968,2.84E-07,-3957.02173,-3737.33594,0,-2753.20288,-2600.18286,0,1.21452308,0.687694907,0.01190275,176044.641,0,0,760.272522,0.000122652,0.669935942,0.210041329,4.11E-19,0.118012883,2.86E-12,0.00200982
0.025857089,0.008493836,0,138678.281,2000,0,0,0,0.314266354,0,0,732.162231,138678.281,2000,-128448968,2.84E-07,-4036.84229,-3813.55981,0,-2935.4502,-2772.31299,0,1.21442664,0.687702,0.012277821,175482.281,0,0,757.797729,0.000127703,0.67061621,0.209608272,7.71E-20,0.117777519,2.85E-12,0.001997961
0.026196085,0.008134981,0,138678.828,2000,0,0,0,0.314352036,0,0,732.038269,138678.828,2000,-127298776,2.84E-07,-4076.53613,-3850.5459,0,-3069.59375,-2899.41724,0,1.21434188,0.687708199,0.012547366,174929.969,0,0,755.372009,0.000131225,0.671215236,0.209226936,7.76E-20,0.117570065,2.87E-12,0.00198772
0.026535083,0.007776126,0,138679.359,2000,0,0,0,0.314420551,0,0,731.939453,138679.359,2000,-126425496,2.84E-07,-4184.22217,-3952.27026,0,-3136.271,-2962.52539,0,1.21427417,0.687712669,0.012831532,174801.703,0,0,754.785034,0.00013517,0.67169863,0.208919212,8.51E-20,0.117400274,2.90E-12,0.001981842
0.026874078,0.007417271,0,138679.891,2000,0,0,0,0.31446743,0,0,731.872253,138679.891,2000,-126016824,2.84E-07,-4298.15674,-4059.854,0,-3171.04175,-2995.48926,0,1.21422791,0.687715232,0.013101732,175156.312,0,0,756.29248,0.000138778,0.672037959,0.20870319,8.68E-20,0.11727687,2.93E-12,0.001981932
0.027213074,0.007058416,0,138680.406,2000,0,0,0,0.314492226,0,0,731.837341,138680.406,2000,-126153872,2.84E-07,-4421.46045,-4176.30713,0,-3179.27368,-3003.34766,0,1.21420324,0.687715709,0.013362261,176102,0,0,760.361023,0.000142207,0.672234595,0.20857802,8.35E-20,0.117197566,2.95E-12,0.001989777
0.027552072,0.006699561,0,138680.922,2000,0,0,0,0.314501852,0,0,731.824341,138680.922,2000,-127036224,2.84E-07,-4569.59619,-4316.08398,0,-3143.47974,-2969.78271,0,1.21419299,0.687714338,0.013607957,177854.25,0,0,767.916687,0.000145563,0.672346056,0.208507046,7.57E-20,0.117139339,2.97E-12,0.002007491
0.027891068,0.006340706,0,138681.453,2000,0,0,0,0.31451416,0,0,731.80719,138681.453,2000,-128755016,2.84E-07,-4772.24463,-4507.26562,0,-3019.89941,-2853.45532,0,1.21417892,0.687711895,0.013837162,180642.672,0,0,779.940369,0.000148981,0.672509074,0.208403304,6.82E-20,0.117050812,3.01E-12,0.002036791
0.028230066,0.005981851,0,138681.984,2000,0,0,0,0.314558417,0,0,731.742798,138681.984,2000,-131351632,2.84E-07,-4956.33105,-4681.54883,0,-2863.1189,-2705.19531,0,1.21413159,0.687709391,0.014038282,185145.828,0,0,799.344666,0.000151736,0.672937989,0.20813024,6.54E-20,0.116854914,3.11E-12,0.002076806
0.028569061,0.005622996,0,138682.125,2000,0,0,0,0.314688742,0,0,731.551331,138682.125,2000,-134328096,2.84E-07,-4635.24268,-4381.65039,0,-3465.96069,-3269.11499,0,1.21399832,0.687713027,0.014333425,189392.812,0,0,817.599548,0.000155538,0.673953354,0.207483858,2.17E-19,0.116467088,3.34E-12,0.002095629
0.028908057,0.005264141,0,138682.266,2000,0,0,0,0.315035611,0,0,731.047668,138682.266,2000,-133163064,2.84E-07,-1621.63196,-3797.08276,0,-1863.70789,-4352.50244,0,1.21366286,0.687725306,0.015738551,174408.922,0,0,752.795837,0.000192519,0.676092982,0.206121817,4.46E-19,0.115844026,3.05E-12,0.001941149
0.029408058,0.005264141,0,138682.656,2000,0,0,0,0.315177888,0,0,730.843384,138682.656,2000,-109600960,2.84E-07,1.44510794,-3239.59985,0,-1.26639092,-4961.74658,0,1.21352947,0.687714696,0.017042998,164771.453,0,0,711.154175,0.000228579,0.676872551,0.205625534,2.96E-19,0.115657121,2.97E-12,0.001844739
0.029909516,0.005264141,0,138683.047,2000,0,0,0,0.314817131,0,0,731.369568,138683.047,2000,-117508736,2.84E-07,3.19904685,-2405.13257,0,0.227773532,-5147.62842,0,1.21388233,0.687670171,0.01696866,177207.906,0,0,764.977112,0.00021959,0.67454648,0.207106292,8.89E-20,0.116376005,3.67E-12,0.001971175
0.030413896,0.005264141,0,138683.641,2000,0,0,0,0.3142986,0,0,732.1297,138683.641,2000,-128845936,2.84E-07,3.18327761,-1253.13269,0,-0.225179985,-5147.45508,0,1.2143966,0.68761903,0.016831733,186789.484,0,0,806.580078,0.000204945,0.671047151,0.209333926,1.26E-19,0.117518418,4.30E-12,0.002100443
0.03092267,0.005264141,0,138684.25,2000,0,0,0,0.313797534,0,0,732.867371,138684.25,2000,-138343184,2.84E-07,3.15752077,-99.1859283,0,-0.43505463,-5267.80322,0,1.21489835,0.687573314,0.017062377,193403.641,0,0,835.392334,0.000203713,0.667583585,0.211538821,1.51E-19,0.118677609,4.77E-12,0.002199955
0.031437319,0.005264141,0,138684.812,2000,0,0,0,0.313370258,0,0,733.498779,138684.812,2000,-145493520,2.84E-07,3.10277438,1052.71326,0,-0.514916182,-5442.70166,0,1.21532953,0.687535763,0.017521402,197864.766,0,0,854.887268,0.000213983,0.664584219,0.213448182,1.68E-19,0.119695731,5.09E-12,0.002271834
0.031959347,0.005264141,0,138685.281,2000,0,0,0,0.313022971,0,0,734.013489,138685.281,2000,-150707680,2.85E-07,2.83884168,2160.82471,0,-0.506079555,-5633.16895,0,1.21568191,0.687505901,0.018082066,200814.266,0,0,867.820496,0.000232406,0.662118673,0.215017751,1.77E-19,0.120540999,5.26E-12,0.002322573
0.03249028,0.005264141,0,138685.625,2000,0,0,0,0.312743217,0,0,734.428955,138685.625,2000,-154432080,2.85E-07,2.61971354,3195.70703,0,-0.434892327,-5811.50781,0,1.21596694,0.687482119,0.018654322,202881.172,0,0,876.908936,0.000255188,0.660118818,0.216290802,1.70E-19,0.121230446,5.32E-12,0.002359875
0.033031661,0.005264141,0,138685.844,2000,0,0,0,0.312510401,0,0,734.775024,138685.844,2000,-157397440,2.85E-07,2.50320601,4185.73779,0,-0.345569372,-5962.19092,0,1.21620452,0.687462032,0.019209864,204745.688,0,0,885.098999,0.000280189,0.65845561,0.217349604,1.39E-19,0.121802904,5.29E-12,0.002391851
0.033585072,0.005264141,0,138685.922,2000,0,0,0,0.312310755,0,0,735.071838,138685.922,2000,-160228704,2.85E-07,2.46491623,5166.86182,0,-0.253050834,-6080.20557,0,1.21640813,0.68744427,0.0197479,206554.031,0,0,893.028687,0.000306896,0.65703541,0.218253672,1.04E-19,0.122289188,5.26E-12,0.002421668
0.034152128,0.005264141,0,138685.844,2000,0,0,0,0.312141478,0,0,735.323181,138685.844,2000,-162823728,2.85E-07,2.11793256,6092.9458,0,-0.228239685,-6177.4917,0,1.21658087,0.687429726,0.020217842,208102.484,0,0,899.820435,0.00033374,0.65582943,0.21902141,1.06E-19,0.122703373,4.95E-12,0.00244576
0.03473448,0.005264141,0,138685.562,2000,0,0,0,0.311989248,0,0,735.548889,138685.562,2000,-164673200,2.85E-07,1.88060427,6922.45605,0,0.638323605,-6089.84473,0,1.21673596,0.687415421,0.020504626,209554.875,0,0,906.186646,0.000354913,0.654747248,0.219710305,1.45E-19,0.123074815,5.27E-12,0.002467586
0.035333835,0.005264141,0,138685.188,2000,0,0,0,0.311866254,0,0,735.730774,138685.188,2000,-167272736,2.85E-07,1.37212169,7615.53076,0,-0.6280725,-6091.69922,0,1.21686077,0.687403917,0.020804936,210115.688,0,0,908.67926,0.000375373,0.653881907,0.220261157,1.94E-19,0.123369046,6.04E-12,0.002487826
0.035951931,0.005264141,0,138684.766,2000,0,0,0,0.311795443,0,0,735.835022,138684.766,2000,-168615152,2.85E-07,0.794610918,8090.48145,0,0.390905082,-6140.32861,0,1.21693289,0.687399387,0.020993274,209756.734,0,0,907.17041,0.000391328,0.653365552,0.220589891,2.11E-19,0.123552933,5.93E-12,0.002491598
0.036590576,0.005264141,0,138684.234,2000,0,0,0,0.31176722,0,0,735.875793,138684.234,2000,-168082816,2.85E-07,0.377326339,8355.2959,0,0.375993222,-5966.04297,0,1.2169621,0.68739903,0.020923059,209153.172,0,0,904.582825,0.00039594,0.653130949,0.220739231,2.03E-19,0.123649247,5.54E-12,0.002480536
0.037251636,0.005264141,0,138683.656,2000,0,0,0,0.311771572,0,0,735.867798,138683.656,2000,-167205760,2.85E-07,0.207464308,8492.11328,0,0.521027267,-5754.47607,0,1.21695781,0.687401533,0.020813348,208099.547,0,0,900.029541,0.000396084,0.653129995,0.220739827,1.94E-19,0.123665467,5.33E-12,0.002464654
0.037937038,0.005264141,0,138683.047,2000,0,0,0,0.311798453,0,0,735.826111,138683.047,2000,-165812768,2.85E-07,0.338822603,8625.83203,0,0.589932859,-5483.42822,0,1.21693015,0.687405944,0.020684287,206988.547,0,0,895.21521,0.00039519,0.653292418,0.220636427,3.23E-19,0.123624951,5.18E-12,0.00244615
0.038648777,0.005264141,0,138682.375,2000,0,0,0,0.311836898,0,0,735.766846,138682.375,2000,-164470496,2.85E-07,0.132758334,8744.08594,0,0.730613053,-5148.76465,0,1.21689022,0.68741101,0.020528603,206139.125,0,0,891.524292,0.000392881,0.6535483,0.220473543,5.20E-19,0.123548537,5.06E-12,0.002429579
0.039388932,0.005264141,0,138681.672,2000,0,0,0,0.311880201,0,0,735.700195,138681.672,2000,-163435648,2.85E-07,-0.222335413,8718.66699,0,0.875012636,-4725.98389,0,1.21684504,0.687416077,0.020293534,205434.797,0,0,888.457092,0.000384521,0.653847039,0.220283359,3.65E-19,0.123454429,4.97E-12,0.002415116
0.040159669,0.005264141,0,138681.125,2000,0,0,0,0.311922669,0,0,735.635254,138681.125,2000,-162495008,2.85E-07,0.361954868,8760.16113,0,0.639636874,-4313.03467,0,1.21680069,0.687420607,0.020183122,204913.344,0,0,886.179993,0.000379181,0.654145718,0.220093235,1.68E-19,0.123357087,5.06E-12,0.002403924
0.040963225,0.005264141,0,138680.672,2000,0,0,0,0.311948538,0,0,735.595154,138680.672,2000,-161870112,2.85E-07,0.066532023,8880.46973,0,0.535108626,-3978.90137,0,1.21677291,0.687422633,0.020154484,205171.281,0,0,887.280151,0.000378409,0.654343665,0.219967231,1.92E-19,0.123286895,5.29E-12,0.002402186
0.041801952,0.005264141,0,138680.391,2000,0,0,0,0.311977744,0,0,735.550476,138680.391,2000,-162624688,2.85E-07,-0.445764333,8764.41699,0,0.558857143,-3653.58594,0,1.21674168,0.687423587,0.019990781,206086.172,0,0,891.217163,0.000369791,0.654576242,0.219819143,1.98E-19,0.123199575,5.19E-12,0.002404971
0.042678293,0.005264141,0,138680.328,2000,0,0,0,0.31204921,0,0,735.443787,138680.328,2000,-162744944,2.85E-07,-0.176830351,8573.07129,0,0.466243565,-3336.10864,0,1.21666813,0.687428236,0.019850507,206027.547,0,0,890.921143,0.000358891,0.655095398,0.219488695,1.59E-19,0.123018391,4.79E-12,0.002397505
0.043594807,0.005264141,0,138680.422,2000,0,0,0,0.31218034,0,0,735.249146,138680.422,2000,-161281120,2.85E-07,-0.234591186,8439.21387,0,0.310341954,-3085.41309,0,1.21653485,0.687439203,0.019803492,204400.5,0,0,883.8125,0.000351242,0.656015694,0.218902811,1.16E-18,0.122707725,4.37E-12,0.002373705
0.044554167,0.005264141,0,138680.719,2000,0,0,0,0.312380433,0,0,734.953003,138680.719,2000,-158345008,2.85E-07,-0.124521397,8318.27246,0,0.164499968,-2925.50244,0,1.21633208,0.687456131,0.019848298,202067.859,0,0,873.617737,0.000345474,0.657413244,0.218013152,2.58E-18,0.122237138,3.91E-12,0.002336417
0.045559172,0.005264141,0,138681.219,2000,0,0,0,0.312656194,0,0,734.545776,138681.219,2000,-154393296,2.85E-07,-0.183262274,8208.50293,0,-0.035888985,-2881.52612,0,1.21605361,0.687479973,0.019970965,198913.578,0,0,859.835022,0.000341745,0.65933156,0.216791958,2.90E-18,0.121592559,3.65E-12,0.002283855
0.046612755,0.005264141,0,138681.859,2000,0,0,0,0.313019842,0,0,734.009949,138681.859,2000,-148820416,2.85E-07,-0.300341755,8027.62109,0,-0.173037201,-2960.44189,0,1.21568775,0.6875121,0.020079078,194601.641,0,0,841.010437,0.000337141,0.661848247,0.215189859,2.85E-18,0.120750092,3.64E-12,0.002211744
0.047717985,0.005264141,0,138682.484,2000,0,0,0,0.31348148,0,0,733.330688,138682.484,2000,-141696544,2.84E-07,-0.622305453,7664.97998,0,-0.273628861,-3135.47217,0,1.21522439,0.687553704,0.020117849,189303.375,0,0,817.885071,0.000327499,0.665045857,0.213154316,2.73E-18,0.119676501,3.43E-12,0.002123309
0.048878092,0.005264141,0,138682.891,2000,0,0,0,0.314062744,0,0,732.47699,138682.891,2000,-133207800,2.84E-07,-0.968490779,7011.36523,0,-0.396379322,-3410.52417,0,1.21464252,0.687606692,0.019923493,182694.359,0,0,789.05542,0.000309715,0.669072747,0.210590824,1.74E-18,0.118321203,3.07E-12,0.002015191
0.050096456,0.005264141,0,138682.953,2000,0,0,0,0.314821392,0,0,731.365784,138682.953,2000,-123102088,2.84E-07,-1.08696008,6128.80176,0,-0.491788507,-3792.35303,0,1.21388674,0.687675238,0.019418187,173870.078,0,0,750.602905,0.000287871,0.674318254,0.207251564,1.05E-18,0.116554029,2.73E-12,0.001876088
0.051376633,0.005264141,0,138682.391,2000,0,0,0,0.315855682,0,0,729.856689,138682.391,2000,-110569088,2.83E-07,-1.21074891,5093.35938,0,-0.31144768,-4151.78076,0,1.2128619,0.687766254,0.018679518,162390.172,0,0,700.608704,0.000264093,0.681481957,0.202691212,6.56E-19,0.114123948,2.26E-12,0.001702811
0.052722361,0.005264141,0,138681.062,2000,0,0,0,0.317264855,0,0,727.813477,138681.062,2000,-95748296,2.83E-07,-1.00272095,4049.9126,0,-0.367217273,-4473.14404,0,1.2114768,0.68788445,0.017864782,148594.016,0,0,640.539856,0.000244344,0.691273093,0.19645828,2.71E-19,0.110764906,1.76E-12,0.001503679
0.054137562,0.005264141,0,138678.922,2000,0,0,0,0.319105566,0,0,725.168518,138678.922,2000,-80096224,2.82E-07,-0.755062521,3180.60059,0,-0.489727497,-4900.04395,0,1.20968878,0.68802911,0.017085658,133267.922,0,0,573.826477,0.000238529,0.704079092,0.188306093,4.39E-19,0.106317796,1.22E-12,0.001296962
0.055626363,0.005264141,0,138675.891,2000,0,0,0,0.321371615,0,0,721.950439,138675.891,2000,-65331044,2.81E-07,-0.526689112,2515.23462,0,-0.428001404,-5377.81299,0,1.20752251,0.688192964,0.016218547,117801.781,0,0,506.52124,0.000244472,0.719807863,0.178293318,3.52E-19,0.100795612,7.57E-13,0.001103175
0.057193112,0.005264141,0,138671.969,2000,0,0,0,0.323892981,0,0,718.418701,138671.969,2000,-52565668,2.80E-07,-0.535676181,1932.82251,0,-0.132573754,-5680.83643,0,1.20515871,0.688358605,0.01504009,103394.508,0,0,443.875305,0.000249589,0.737186909,0.16722995,2.28E-19,0.094646022,4.70E-13,0.000937049
0.058842376,0.005264141,0,138667.391,2000,0,0,0,0.326191902,0,0,715.241089,138667.391,2000,-42445336,2.79E-07,-0.697496593,1219.849,0,0.3206397,-5565.61719,0,1.20304465,0.688494682,0.013452713,92411.1719,0,0,396.144867,0.000239485,0.752906382,0.157223091,1.60E-19,0.089049578,3.28E-13,0.000820896
0.060578968,0.005264141,0,138662.484,2000,0,0,0,0.327706069,0,0,713.165283,138662.484,2000,-36764052,2.78E-07,-0.829654276,292.569702,0,0.811865628,-4871.67041,0,1.20166945,0.688574135,0.011502371,87214.9375,0,0,373.504944,0.000207296,0.763242126,0.150643453,1.40E-19,0.085342921,2.91E-13,0.000771449
0.062407956,0.005264141,0,138657.75,2000,0,0,0,0.328285277,0,0,712.366333,138657.75,2000,-35404908,2.78E-07,-0.821545541,-759.233093,0,1.28903818,-3525.15845,0,1.20114005,0.688597262,0.010330586,88189.3984,0,0,377.532623,0.000156147,0.767286718,0.148068726,1.46E-19,0.083866425,2.74E-13,0.000778117
0.064334668,0.005264141,0,138653.984,2000,0,0,0,0.328264594,0,0,712.381042,138653.984,2000,-36977040,2.78E-07,-0.363468945,-1545.05493,0,1.28306615,-1801.82849,0,1.2011466,0.688587964,0.010964191,92093.4297,0,0,394.240173,0.000106458,0.767331421,0.148040265,7.72E-20,0.083804831,1.30E-13,0.000823469
0.066364735,0.005264141,0,138651.641,2000,0,0,0,0.328128994,0,0,712.555603,138651.641,2000,-40489656,2.78E-07,-0.10193935,-1868.13281,0,1.18851984,-61.6185722,0,1.20125902,0.688573182,0.012405476,96707.5078,0,0,414.017365,8.80E-05,0.766568065,0.148526192,5.00E-21,0.084037684,1.03E-15,0.000868015
0.06850408,0.005264141,0,138651.203,2000,0,0,0,0.328192025,0,0,712.468689,138651.203,2000,-42146232,2.78E-07,0.291896254,-1719.41907,0,0.81420362,1415.80029,0,1.20120084,0.688571751,0.013493924,99579.5625,0,0,426.293701,9.92E-05,0.767032981,0.14823024,5.01E-21,0.083858438,3.02E-15,0.000878313
0.070758931,0.005264141,0,138652.484,2000,0,0,0,0.328563958,0,0,711.971619,138652.484,2000,-41663656,2.78E-07,-0.133799583,-1605.08948,0,0.671111524,2571.36646,0,1.20087409,0.688592911,0.014345885,97561.5547,0,0,417.565277,0.000130987,0.769461811,0.14668408,1.15E-20,0.083005197,2.41E-13,0.000848902
0.073135883,0.005264141,0,138655.609,2000,0,0,0,0.329185456,0,0,711.146545,138655.609,2000,-38578380,2.78E-07,-0.216985524,-1894.82214,0,0.240896225,3310.22021,0,1.20033288,0.68862772,0.014826366,93956.7656,0,0,401.991486,0.000165457,0.773486912,0.144121721,1.12E-19,0.08159335,4.40E-13,0.000797987
0.075641856,0.005264141,0,138660.391,2000,0,0,0,0.329811454,0,0,710.323547,138660.391,2000,-35447188,2.77E-07,-0.072021633,-2140.94653,0,0.131864741,3629.50781,0,1.19979334,0.688659668,0.014796788,91603.2578,0,0,391.778931,0.000183886,0.777519941,0.141554326,1.02E-19,0.080171563,3.47E-13,0.000754147
0.078284167,0.005264141,0,138665.875,2000,0,0,0,0.330059052,0,0,710.010315,138665.875,2000,-33148326,2.77E-07,-0.121142536,-2317.65015,0,0.051393747,3793.9873,0,1.19958842,0.688670337,0.014719084,91464.1953,0,0,391.1297,0.000195033,0.779049277,0.140580744,2.59E-20,0.07963448,5.51E-13,0.00073544
0.08107052,0.005264141,0,138671.766,2000,0,0,0,0.329458177,0,0,710.832642,138671.766,2000,-33131728,2.77E-07,-0.050631266,-2479.98071,0,-0.124140032,3719.84277,0,1.20012772,0.688634157,0.014414256,95981.7891,0,0,410.604095,0.00019671,0.774997115,0.143160313,2.55E-20,0.08107198,6.43E-13,0.00077055
0.084009051,0.005264141,0,138677.953,2000,0,0,0,0.327710748,0,0,713.205444,138677.953,2000,-37453772,2.78E-07,0.008821343,-2520.37573,0,-0.316143155,3271.76123,0,1.20168805,0.688531041,0.013482005,106934.922,0,0,457.957886,0.000181805,0.763339877,0.150581226,2.72E-20,0.085192785,4.32E-13,0.000886105
0.087108329,0.005264141,0,138683.984,2000,0,0,0,0.324999541,0,0,716.92395,138683.984,2000,-47870092,2.79E-07,-0.050155591,-2565.8335,0,-0.332570851,2584.96118,0,1.20414746,0.688362479,0.012261599,124167.383,0,0,532.644226,0.000160163,0.745136619,0.162169248,3.03E-20,0.091599599,3.54E-13,0.001094517
0.090377398,0.005264141,0,138689.594,2000,0,0,0,0.322088659,0,0,720.980408,138689.594,2000,-65675668,2.81E-07,-0.023198081,-2646.64185,0,-0.359979987,1813.31201,0,1.20684946,0.688166738,0.011236639,144521.844,0,0,621.049255,0.000140957,0.725382745,0.174744368,1.35E-19,0.098508604,3.74E-13,0.001364247
0.093825787,0.005264141,0,138694.453,2000,0,0,0,0.319740146,0,0,724.306213,138694.453,2000,-86866424,2.82E-07,-0.08094991,-2770.46216,0,-0.238446727,1116.64307,0,1.20908022,0.687997639,0.010952809,162416.625,0,0,698.934082,0.000130847,0.70925647,0.185010225,2.63E-19,0.104119368,5.94E-13,0.001613926
0.097463563,0.005264141,0,138698.578,2000,0,0,0,0.318004787,0,0,726.795959,138698.578,2000,-104254336,2.82E-07,-0.395976067,-3368.6438,0,-0.18016994,603.123169,0,1.21075881,0.68786484,0.012217317,177106.078,0,0,762.959961,0.000149802,0.697233856,0.192663684,1.70E-19,0.108281694,6.92E-13,0.001820721
0.101301342,0.005264141,0,138702.297,2000,0,0,0,0.316581935,0,0,728.857605,138702.297,2000,-120828672,2.83E-07,-0.457069367,-4475.75586,0,0.076791346,478.559875,0,1.2121532,0.687747896,0.014560141,191667.172,0,0,826.410156,0.000196555,0.687356055,0.198951811,5.00E-19,0.111669786,9.33E-13,0.002022317
0.105350308,0.005264141,0,138705.469,2000,0,0,0,0.315488666,0,0,730.454956,138705.469,2000,-138627984,2.84E-07,-0.418256819,-5666.56543,0,0.263035148,948.582947,0,1.21323705,0.687654018,0.017010214,204341.984,0,0,881.648621,0.000251947,0.679728329,0.203807548,8.45E-19,0.114275523,1.52E-12,0.00218856
0.109622285,0.005264141,0,138708.281,2000,0,0,0,0.314742297,0,0,731.554016,138708.281,2000,-150196512,2.84E-07,-0.482739925,-6959.65771,0,0.334078848,1806.69373,0,1.2139852,0.687588155,0.0193305,213550.391,0,0,921.808228,0.000316677,0.674465299,0.207157969,2.38E-18,0.116079286,1.63E-12,0.002297434
0.11412973,0.005264141,0,138711.25,2000,0,0,0,0.314175248,0,0,732.395508,138711.25,2000,-158542912,2.84E-07,-0.353045702,-8212.70898,0,0.235853925,2660.7478,0,1.21455967,0.687537313,0.020966942,220137.531,0,0,950.584412,0.000382057,0.670415401,0.209736079,5.55E-18,0.117475435,1.45E-12,0.002373046
0.118885793,0.005264141,0,138714.453,2000,0,0,0,0.313706517,0,0,733.096069,138714.453,2000,-163966432,2.84E-07,-0.305920959,-9253.7373,0,-0.025929071,2981.28174,0,1.21503949,0.687496006,0.021575466,224315.094,0,0,968.917969,0.000432904,0.667019725,0.211897716,7.29E-18,0.118655756,1.53E-12,0.002426734
0.123904355,0.005264141,0,138717.328,2000,0,0,0,0.313320577,0,0,733.675171,138717.328,2000,-167518144,2.85E-07,-0.320549041,-10296.7734,0,-0.205616832,2587.50122,0,1.21543622,0.687461376,0.021962533,226885.062,0,0,980.261169,0.000476347,0.664227605,0.213675186,8.59E-18,0.11962036,1.65E-12,0.002476832
0.129200041,0.005264141,0,138719.266,2000,0,0,0,0.31306392,0,0,734.061157,138719.266,2000,-171408912,2.85E-07,-0.035519291,-10905.0957,0,-0.304762781,1690.14319,0,1.21570098,0.687440693,0.022421623,225622.984,0,0,974.967529,0.000499035,0.662361026,0.214863405,5.42E-18,0.120267369,1.55E-12,0.00250814
0.134788319,0.005264141,0,138720.031,2000,0,0,0,0.313070774,0,0,734.054871,138720.031,2000,-170992160,2.85E-07,0.232790336,-10528.5254,0,-0.425857395,341.505463,0,1.21570003,0.687448084,0.022674723,219119.953,0,0,946.88147,0.000481376,0.662274718,0.214918375,8.94E-19,0.120344132,1.29E-12,0.002462754
0.140685484,0.005264141,0,138720,2000,0,0,0,0.313334972,0,0,733.666077,138720,2000,-160517792,2.84E-07,0.365074098,-9367.34863,0,-0.502206981,-1453.81274,0,1.21543837,0.687479675,0.023098819,209485.609,0,0,905.12262,0.000439303,0.663977444,0.213834405,5.62E-18,0.119825006,1.21E-12,0.002363081
0.14690873,0.005264141,0,138719.312,2000,0,0,0,0.3137649,0,0,733.031189,138719.312,2000,-150620800,2.84E-07,0.527836382,-7547.93359,0,-0.463108808,-3408.15259,0,1.21500766,0.68752557,0.02364582,198180.266,0,0,856.062134,0.000390503,0.666894555,0.211977392,5.34E-18,0.118875168,1.91E-12,0.002252808
0.153476223,0.005264141,0,138717.625,2000,0,0,0,0.314328164,0,0,732.198914,138717.625,2000,-139598112,2.84E-07,0.611910343,-5116.91113,0,-0.342672139,-5115.72559,0,1.21444273,0.687583208,0.023548292,186689.734,0,0,806.160339,0.00034797,0.670753062,0.209521145,6.48E-19,0.117604285,1.68E-12,0.002121491
0.160407126,0.005264141,0,138714.578,2000,0,0,0,0.314918935,0,0,731.324829,138714.578,2000,-128073704,2.84E-07,0.50754416,-2622.38159,0,-0.010609997,-5883.47656,0,1.21385026,0.687644303,0.022028616,176089.453,0,0,760.123169,0.00031167,0.674814761,0.20693548,4.59E-18,0.116262287,7.45E-13,0.001987416
0.167721659,0.005264141,0,138710.688,2000,0,0,0,0.315376967,0,0,730.644226,138710.688,2000,-118251952,2.83E-07,0.342937022,-639.163208,0,0.156816557,-5529.10693,0,1.2133894,0.687691987,0.019206701,168386.406,0,0,726.674194,0.000271687,0.677985489,0.204917043,4.11E-18,0.115211412,5.43E-13,0.001886023
0.175441146,0.005264141,0,138706.734,2000,0,0,0,0.315698296,0,0,730.163635,138706.734,2000,-113850168,2.83E-07,0.259670436,837.698425,0,0.261353046,-4492.5249,0,1.21306384,0.6877231,0.015653327,164100.594,0,0,708.041626,0.000226928,0.680243194,0.203479812,2.71E-19,0.114455216,3.66E-13,0.001821748
0.183588117,0.005264141,0,138703.203,2000,0,0,0,0.316074163,0,0,729.605713,138703.203,2000,-111063240,2.83E-07,0.192053854,1998.63391,0,0.303097934,-3032.26465,0,1.21268487,0.687754214,0.01241404,161128.906,0,0,695.056152,0.000185359,0.682918727,0.201776609,1.92E-18,0.113536552,3.45E-13,0.001768108
0.192186341,0.005264141,0,138700.562,2000,0,0,0,0.316564858,0,0,728.885376,138700.562,2000,-107554328,2.83E-07,0.131293222,2869.12769,0,0.284082025,-1444.16992,0,1.21219492,0.687790871,0.011904709,158726.109,0,0,684.47699,0.000167582,0.686413646,0.199551761,3.39E-18,0.112320147,3.67E-13,0.00171442
0.201260895,0.005264141,0,138699.094,2000,0,0,0,0.317085445,0,0,728.127747,138699.094,2000,-103778672,2.83E-07,0.120617852,3583.23071,0,0.213883474,-36.7143021,0,1.2116797,0.687826991,0.013898136,157135.047,0,0,677.389038,0.000186087,0.690115333,0.197195292,3.05E-18,0.111021467,3.72E-13,0.001667869
0.210838273,0.005264141,0,138698.828,2000,0,0,0,0.317624122,0,0,727.350281,138698.828,2000,-100579112,2.83E-07,0.106070302,4256.30859,0,0.099115171,884.211182,0,1.21115148,0.687862873,0.015847357,155710.578,0,0,671.016968,0.000226239,0.693924367,0.194770485,2.52E-18,0.109680861,3.51E-13,0.001624229
0.220946386,0.005264141,0,138699.406,2000,0,0,0,0.318224877,0,0,726.489319,138699.406,2000,-96617896,2.82E-07,0.078723744,4829.75879,0,0.020631203,1250.1156,0,1.21056771,0.687902987,0.016982023,153526.016,0,0,661.350891,0.000263635,0.698136747,0.192088932,2.69E-18,0.108200617,3.40E-13,0.001573654
0.231614739,0.005264141,0,138700.281,2000,0,0,0,0.318888068,0,0,725.543396,138700.281,2000,-91928824,2.82E-07,0.053440861,5258.77539,0,-0.023897331,1235.0625,0,1.20992768,0.687947333,0.017603798,150618.047,0,0,648.552856,0.000290587,0.702761769,0.189144701,1.68E-18,0.106576525,3.41E-13,0.001516983
0.242874444,0.005264141,0,138701.062,2000,0,0,0,0.319597155,0,0,724.535767,138701.062,2000,-86900912,2.82E-07,0.02154359,5511.81396,0,-0.037252732,1024.62488,0,1.20924735,0.687994659,0.01791735,147167.219,0,0,633.411621,0.000307213,0.707688034,0.186008692,1.59E-18,0.104846627,3.32E-13,0.001456629
0.254758358,0.005264141,0,138701.641,2000,0,0,0,0.320328712,0,0,723.5,138701.641,2000,-81747984,2.81E-07,0.008540532,5618.04785,0,-0.02454528,804.873779,0,1.20854938,0.688042879,0.018067356,143490.656,0,0,617.304382,0.000316986,0.712754965,0.182783127,3.05E-18,0.103066042,3.81E-13,0.001395846
0.267301142,0.005264141,0,138701.844,2000,0,0,0,0.321068317,0,0,722.456421,138701.844,2000,-76880336,2.81E-07,-0.002947385,5637.67139,0,-0.027490502,609.702332,0,1.2078476,0.688091397,0.018150078,139571.188,0,0,600.16571,0.000323127,0.717860579,0.179532915,3.13E-18,0.101271518,3.97E-13,0.00133493
0.280539423,0.005264141,0,138701.781,2000,0,0,0,0.321798921,0,0,721.429138,138701.781,2000,-72004184,2.81E-07,-0.016001353,5561.8877,0,-0.02527106,403.342987,0,1.20715833,0.688138962,0.018128293,135500.547,0,0,582.396973,0.000324427,0.722887039,0.176333144,2.98E-18,0.099504426,3.32E-13,0.001275368
0.294511765,0.005264141,0,138701.719,2000,0,0,0,0.322500348,0,0,720.447205,138701.719,2000,-67578976,2.80E-07,-0.022356866,5404.02051,0,-0.019918921,218.988068,0,1.20650077,0.688183784,0.018008981,131696.766,0,0,565.801636,0.000321465,0.727697551,0.173270807,3.59E-18,0.097810835,3.49E-13,0.001220772
0.309258968,0.005264141,0,138701.672,2000,0,0,0,0.323166102,0,0,719.519104,138701.672,2000,-63571708,2.80E-07,-0.01831359,5230.51807,0,-0.008884973,97.1985855,0,1.20588028,0.68822515,0.017878437,128221.742,0,0,550.645203,0.000317893,0.732247412,0.170374423,3.80E-18,0.096207723,3.79E-13,0.001170428
0.324824035,0.005264141,0,138701.531,2000,0,0,0,0.323796809,0,0,718.642883,138701.531,2000,-60043520,2.80E-07,-0.016940218,5073.10742,0,-0.005184361,34.8197174,0,1.20529556,0.688263357,0.017786928,125017.969,0,0,536.677673,0.000315424,0.736546874,0.167637408,3.30E-18,0.09469109,3.35E-13,0.001124591
0.341252387,0.005264141,0,138701.375,2000,0,0,0,0.324402273,0,0,717.80481,138701.375,2000,-53895916,2.80E-07,-0.017117066,4914.0918,0,-0.003547853,-5.70399761,0,1.20473731,0.688299417,0.017702146,121971.398,0,0,523.404297,0.000312858,0.740661502,0.165018082,2.75E-18,0.093238607,2.64E-13,0.001081787
0.358591974,0.005264141,0,138701.266,2000,0,0,0,0.32498306,0,0,717.003906,138701.266,2000,-53895916,2.79E-07,-0.016457068,4750.59814,0,-0.0024523,-34.7714882,0,1.20420456,0.688333273,0.017609332,119063.336,0,0,510.743256,0.000309966,0.744594812,0.16251415,2.01E-18,0.09184958,2.05E-13,0.001041396
0.376893312,0.005264141,0,138701.188,2000,0,0,0,0.325532049,0,0,716.24939,138701.188,2000,-51201788,2.79E-07,-0.013843105,4596.98486,0,-0.00139675,-54.1677322,0,1.20370352,0.688364685,0.017538592,116342.414,0,0,498.903687,0.000307654,0.748303711,0.160153106,1.86E-18,0.09053836,1.86E-13,0.001004769
0.396209866,0.005264141,0,138701.141,2000,0,0,0,0.326052397,0,0,715.536682,138701.141,2000,-48769428,2.79E-07,-0.013314218,4453.10205,0,-0.001397705,-68.9825211,0,1.20323086,0.688393831,0.017488327,113779.562,0,0,487.758698,0.000305947,0.751808882,0.157921731,9.41E-19,0.089298405,1.72E-13,0.000970907
0.416597933,0.005264141,0,138701.078,2000,0,0,0,0.326544464,0,0,714.864624,138701.078,2000,-46513940,2.79E-07,-0.012868755,4308.49756,0,-0.002823592,-92.5634155,0,1.20278573,0.688420892,0.017433398,111354.062,0,0,477.217804,0.000304165,0.755115867,0.15581657,1.03E-19,0.088127814,1.60E-13,0.000939729
0.438117027,0.005264141,0,138700.906,2000,0,0,0,0.327008039,0,0,714.232849,138700.906,2000,-44504756,2.79E-07,-0.010884782,4172.11865,0,-0.003131307,-126.903656,0,1.2023679,0.688445985,0.017390905,108998.172,0,0,466.989868,0.000302956,0.758225322,0.153837115,1.05E-19,0.087026656,1.49E-13,0.000910877
0.460829914,0.005264141,0,138700.609,2000,0,0,0,0.327447623,0,0,713.635071,138700.609,2000,-42636092,2.78E-07,-0.010054018,4046.75464,0,-0.001282774,-153.003281,0,1.20197308,0.68846947,0.017370671,106704.211,0,0,457.039734,0.000302532,0.76116842,0.151963577,1.01E-19,0.085984156,1.38E-13,0.000883832
0.484802842,0.005264141,0,138700.297,2000,0,0,0,0.327864647,0,0,713.069214,138700.297,2000,-40940756,2.78E-07,-0.008600154,3930.66016,0,0.003876996,-135.756531,0,1.20159972,0.688491106,0.017373316,104623.859,0,0,448.015839,0.000302712,0.76395601,0.150189012,9.66E-20,0.084995858,1.29E-13,0.000859084
0.510105729,0.005264141,0,138700.031,2000,0,0,0,0.328259319,0,0,712.535095,138700.031,2000,-39421916,2.78E-07,-0.006728759,3831.56567,0,0.005142065,-76.9435272,0,1.20124757,0.688510954,0.017421916,102778.617,0,0,440.009094,0.000304187,0.766589701,0.148512423,9.15E-20,0.084061228,1.22E-13,0.000836612
0.536812484,0.005264141,0,138699.859,2000,0,0,0,0.328633308,0,0,712.030334,138699.859,2000,-38052180,2.78E-07,-0.005415568,3749.90308,0,0.003842784,-16.6000767,0,1.20091522,0.688529134,0.01752219,101114.867,0,0,432.788513,0.000307243,0.769080043,0.146927074,5.14E-19,0.083176717,1.16E-13,0.000816094
0.565000892,0.005264141,0,138699.844,2000,0,0,0,0.32898739,0,0,711.553894,138699.844,2000,-36794836,2.78E-07,-0.003909254,3684.86133,0,0.001570433,20.8285542,0,1.2006017,0.688545763,0.017667191,99603.75,0,0,426.229645,0.000311956,0.771432519,0.145429537,5.07E-19,0.082340546,1.11E-13,0.000797371
0.594753325,0.005264141,0,138699.891,2000,0,0,0,0.329322547,0,0,711.104065,138699.891,2000,-35650852,2.78E-07,-0.002977517,3634.92651,0,0.000157612,33.0680199,0,1.20030606,0.688560963,0.017849704,98191.0156,0,0,420.099426,0.000318294,0.773654222,0.144015223,7.70E-20,0.081550449,1.07E-13,0.00078007
0.626156449,0.005264141,0,138699.953,2000,0,0,0,0.32964161,0,0,710.676697,138699.953,2000,-34579404,2.77E-07,-0.00259048,3592.92358,0,-0.000526224,30.1048126,0,1.20002532,0.688575089,0.018056585,96825.5469,0,0,414.178009,0.000325741,0.775765359,0.142671272,4.38E-19,0.08079958,1.03E-13,0.000763727
0.659301996,0.005264141,0,138699.984,2000,0,0,0,0.3299447,0,0,710.271423,138699.984,2000,-33574476,2.77E-07,-0.002329529,3554.39478,0,-0.000614442,21.1322441,0,1.19975948,0.688588202,0.018281337,95515.6562,0,0,408.50058,0.000333983,0.777767479,0.141396746,4.30E-19,0.080087386,9.97E-14,0.000748336
0.694286585,0.005264141,0,138700.016,2000,0,0,0,0.330233723,0,0,709.885559,138700.016,2000,-32640908,2.77E-07,-0.002009136,3519.18823,0,-0.000468015,12.3671846,0,1.19950652,0.688600302,0.018526336,94266.0625,0,0,403.086548,0.000343073,0.779673994,0.140183106,6.92E-20,0.079409048,9.65E-14,0.000733842
0.731212258,0.005264141,0,138700.031,2000,0,0,0,0.330511481,0,0,709.515381,138700.031,2000,-31763650,2.77E-07,-0.001681803,3488.16382,0,-0.000202815,6.78867769,0,1.19926393,0.688611567,0.018795483,93073.2969,0,0,397.920105,0.000353171,0.781503677,0.139018312,4.37E-19,0.078757763,9.66E-14,0.000720187
0.770186782,0.005264141,0,138700.031,2000,0,0,0,0.33077836,0,0,709.160156,138700.031,2000,-30940658,2.77E-07,-0.001431583,3461.04858,0,1.64E-05,5.22748041,0,1.19903135,0.688621998,0.019089101,91934.0078,0,0,392.986572,0.000364329,0.78325969,0.137900442,7.98E-19,0.078132547,9.68E-14,0.000707246
0.811323881,0.005264141,0,138700.016,2000,0,0,0,0.331036508,0,0,708.817078,138700.016,2000,-30164164,2.77E-07,-0.001126628,3438.0144,0,0.000104239,6.34624147,0,1.19880688,0.688631833,0.019409027,90827.9375,0,0,388.1987,0.000376657,0.78495568,0.136820808,7.98E-19,0.0775287,9.42E-14,0.00069476
0.854743481,0.005264141,0,138700,2000,0,0,0,0.331287056,0,0,708.484558,138700,2000,-29416982,2.77E-07,-0.001017297,3417.99194,0,0.000148884,8.72923946,0,1.19858956,0.688641012,0.019753616,89762.4609,0,0,383.587616,0.000390134,0.786599755,0.135774195,4.30E-19,0.076943189,9.18E-14,0.000682799
0.90057236,0.005264141,0,138699.984,2000,0,0,0,0.331530184,0,0,708.162354,138699.984,2000,-28714544,2.77E-07,-0.001352214,3394.94922,0,0.000135488,11.4761896,0,1.19837904,0.688649595,0.020105809,88737.8906,0,0,379.154388,0.000404134,0.788193047,0.134759933,6.42E-20,0.076375619,8.96E-14,0.000671356
0.948944151,0.005264141,0,138700.016,2000,0,0,0,0.331771731,0,0,707.842834,138700.016,2000,-28038570,2.77E-07,-0.000177697,3380.06836,0,-9.21E-05,11.8287144,0,1.19817042,0.68865782,0.020498147,87748.1719,0,0,374.871735,0.000420066,0.789773881,0.133753598,3.76E-19,0.075812206,8.75E-14,0.000660286
1,0.005264141,0,138700.047,2000,0,0,0,0.331893355,0,0,707.68219,138700.047,2000,-27385218,2.77E-07,-0.007094201,3378.43066,0,-2.29E-05,10.9118414,0,1.19806564,0.688661873,0.020715663,87266.1484,0,0,372.7854,0.000428988,0.790569007,0.13324742,6.84E-19,0.075528681,8.65E-14,0.00065485
